stud_name;quiz;name;grade;group_name
cf800c144bcb3e43a7e0095b9cbe877c;1;Тест к лекции 1;100.00000;Группа №42(1)
cf800c144bcb3e43a7e0095b9cbe877c;2;Тест к лекции 2;100.00000;Группа №42(1)
97526ca2090f502b66a7ddc60907ab8a;1;Тест к лекции 1;100.00000;Группа №42(1)
97526ca2090f502b66a7ddc60907ab8a;2;Тест к лекции 2;77.00000;Группа №42(1)
97526ca2090f502b66a7ddc60907ab8a;3;Тест на лекции 3;100.00000;Группа №42(1)
97526ca2090f502b66a7ddc60907ab8a;4;Контрольный тест (Семестр 2 Лекция 1);57.14286;Группа №42(1)
17087286e060a68648279590ff2b39bc;1;Тест к лекции 1;100.00000;Группа №42(1)
17087286e060a68648279590ff2b39bc;2;Тест к лекции 2;100.00000;Группа №42(1)
17087286e060a68648279590ff2b39bc;3;Тест на лекции 3;100.00000;Группа №42(1)
17087286e060a68648279590ff2b39bc;4;Контрольный тест (Семестр 2 Лекция 1);71.42857;Группа №42(1)
624fc6ad76dd2282f30cef7b884aee1a;1;Тест к лекции 1;100.00000;Группа №41(1)
624fc6ad76dd2282f30cef7b884aee1a;2;Тест к лекции 2;73.00000;Группа №41(1)
624fc6ad76dd2282f30cef7b884aee1a;3;Тест на лекции 3;60.00000;Группа №41(1)
624fc6ad76dd2282f30cef7b884aee1a;4;Контрольный тест (Семестр 2 Лекция 1);92.85714;Группа №41(1)
624fc6ad76dd2282f30cef7b884aee1a;5;M1 Контрольный тест (level 1) (1 и 2 попытка);7.90000;Группа №41(1)
624fc6ad76dd2282f30cef7b884aee1a;6;M1 Тренировочное тестирование (level 1);8.66667;Группа №41(1)
624fc6ad76dd2282f30cef7b884aee1a;1;Тест к лекции 1;100.00000;Группа №41_№1
624fc6ad76dd2282f30cef7b884aee1a;2;Тест к лекции 2;73.00000;Группа №41_№1
624fc6ad76dd2282f30cef7b884aee1a;3;Тест на лекции 3;60.00000;Группа №41_№1
624fc6ad76dd2282f30cef7b884aee1a;4;Контрольный тест (Семестр 2 Лекция 1);92.85714;Группа №41_№1
624fc6ad76dd2282f30cef7b884aee1a;5;M1 Контрольный тест (level 1) (1 и 2 попытка);7.90000;Группа №41_№1
624fc6ad76dd2282f30cef7b884aee1a;6;M1 Тренировочное тестирование (level 1);8.66667;Группа №41_№1
3058c750910d932c3fdc3d7baf77bf65;1;Тест к лекции 1;100.00000;Группа №41(1)
3058c750910d932c3fdc3d7baf77bf65;2;Тест к лекции 2;82.50000;Группа №41(1)
3058c750910d932c3fdc3d7baf77bf65;3;Тест на лекции 3;100.00000;Группа №41(1)
3058c750910d932c3fdc3d7baf77bf65;4;Контрольный тест (Семестр 2 Лекция 1);98.57143;Группа №41(1)
3058c750910d932c3fdc3d7baf77bf65;5;M1 Контрольный тест (level 1) (1 и 2 попытка);7.80000;Группа №41(1)
165834bc39394a1bb7cffd632c9dde5f;1;Тест к лекции 1;100.00000;Группа №42(1)
165834bc39394a1bb7cffd632c9dde5f;2;Тест к лекции 2;80.00000;Группа №42(1)
165834bc39394a1bb7cffd632c9dde5f;3;Тест на лекции 3;86.66660;Группа №42(1)
165834bc39394a1bb7cffd632c9dde5f;4;Контрольный тест (Семестр 2 Лекция 1);82.85714;Группа №42(1)
4e360b2ce58911814a32c6988fa59059;1;Тест к лекции 1;100.00000;Группа №42(1)
4e360b2ce58911814a32c6988fa59059;2;Тест к лекции 2;82.50000;Группа №42(1)
4e360b2ce58911814a32c6988fa59059;3;Тест на лекции 3;86.66660;Группа №42(1)
4e360b2ce58911814a32c6988fa59059;4;Контрольный тест (Семестр 2 Лекция 1);98.57143;Группа №42(1)
efc7c212410e14eac7e0d2f1d6f596ba;1;Тест к лекции 1;91.66675;Группа №42(1)
efc7c212410e14eac7e0d2f1d6f596ba;2;Тест к лекции 2;85.00000;Группа №42(1)
efc7c212410e14eac7e0d2f1d6f596ba;3;Тест на лекции 3;100.00000;Группа №42(1)
efc7c212410e14eac7e0d2f1d6f596ba;4;Контрольный тест (Семестр 2 Лекция 1);100.00000;Группа №42(1)
1a7ca5b9e4be58b4bd15c510b57ee0d9;1;Тест к лекции 1;100.00000;Группа №41(1)
1a7ca5b9e4be58b4bd15c510b57ee0d9;2;Тест к лекции 2;93.00000;Группа №41(1)
1a7ca5b9e4be58b4bd15c510b57ee0d9;3;Тест на лекции 3;86.66660;Группа №41(1)
1a7ca5b9e4be58b4bd15c510b57ee0d9;4;Контрольный тест (Семестр 2 Лекция 1);85.71429;Группа №41(1)
1a7ca5b9e4be58b4bd15c510b57ee0d9;5;M1 Контрольный тест (level 1) (1 и 2 попытка);7.66667;Группа №41(1)
5155ceb8577e4ad2f21a0a35f1f2c80b;1;Тест к лекции 1;100.00000;Группа №42(1)
5155ceb8577e4ad2f21a0a35f1f2c80b;2;Тест к лекции 2;81.00000;Группа №42(1)
5155ceb8577e4ad2f21a0a35f1f2c80b;3;Тест на лекции 3;100.00000;Группа №42(1)
5e5f49ab6c6db61220881b98a63b8b80;1;Тест к лекции 1;100.00000;Группа №42(1)
5e5f49ab6c6db61220881b98a63b8b80;2;Тест к лекции 2;100.00000;Группа №42(1)
5e5f49ab6c6db61220881b98a63b8b80;3;Тест на лекции 3;100.00000;Группа №42(1)
5e5f49ab6c6db61220881b98a63b8b80;4;Контрольный тест (Семестр 2 Лекция 1);98.57143;Группа №42(1)
6989b378a576ff718f9f08f976ff0f31;1;Тест к лекции 1;91.66675;Группа №42(1)
6989b378a576ff718f9f08f976ff0f31;2;Тест к лекции 2;63.33330;Группа №42(1)
6989b378a576ff718f9f08f976ff0f31;4;Контрольный тест (Семестр 2 Лекция 1);27.14286;Группа №42(1)
0b70fbf7fdbbddedbe55d0abaac1c7b2;1;Тест к лекции 1;100.00000;Группа №41(1)
0b70fbf7fdbbddedbe55d0abaac1c7b2;2;Тест к лекции 2;85.00000;Группа №41(1)
0b70fbf7fdbbddedbe55d0abaac1c7b2;3;Тест на лекции 3;33.33340;Группа №41(1)
0b70fbf7fdbbddedbe55d0abaac1c7b2;4;Контрольный тест (Семестр 2 Лекция 1);85.71429;Группа №41(1)
0b70fbf7fdbbddedbe55d0abaac1c7b2;5;M1 Контрольный тест (level 1) (1 и 2 попытка);8.90000;Группа №41(1)
0b70fbf7fdbbddedbe55d0abaac1c7b2;1;Тест к лекции 1;100.00000;Группа №41_№1
0b70fbf7fdbbddedbe55d0abaac1c7b2;2;Тест к лекции 2;85.00000;Группа №41_№1
0b70fbf7fdbbddedbe55d0abaac1c7b2;3;Тест на лекции 3;33.33340;Группа №41_№1
0b70fbf7fdbbddedbe55d0abaac1c7b2;4;Контрольный тест (Семестр 2 Лекция 1);85.71429;Группа №41_№1
0b70fbf7fdbbddedbe55d0abaac1c7b2;5;M1 Контрольный тест (level 1) (1 и 2 попытка);8.90000;Группа №41_№1
0e02afb0cbd44e5843e29ed9b074ef09;1;Тест к лекции 1;100.00000;Группа №41(1)
0e02afb0cbd44e5843e29ed9b074ef09;2;Тест к лекции 2;80.00000;Группа №41(1)
0e02afb0cbd44e5843e29ed9b074ef09;3;Тест на лекции 3;100.00000;Группа №41(1)
0e02afb0cbd44e5843e29ed9b074ef09;4;Контрольный тест (Семестр 2 Лекция 1);82.85714;Группа №41(1)
0e02afb0cbd44e5843e29ed9b074ef09;5;M1 Контрольный тест (level 1) (1 и 2 попытка);8.90000;Группа №41(1)
eefc4bec8df8e01c0ed8411a6ad67299;1;Тест к лекции 1;100.00000;Группа №41(1)
eefc4bec8df8e01c0ed8411a6ad67299;2;Тест к лекции 2;85.00000;Группа №41(1)
eefc4bec8df8e01c0ed8411a6ad67299;4;Контрольный тест (Семестр 2 Лекция 1);85.71429;Группа №41(1)
eefc4bec8df8e01c0ed8411a6ad67299;1;Тест к лекции 1;100.00000;Группа №41_№1
eefc4bec8df8e01c0ed8411a6ad67299;5;M1 Контрольный тест (level 1) (1 и 2 попытка);8.90000;Группа №41(1)
eefc4bec8df8e01c0ed8411a6ad67299;2;Тест к лекции 2;85.00000;Группа №41_№1
eefc4bec8df8e01c0ed8411a6ad67299;4;Контрольный тест (Семестр 2 Лекция 1);85.71429;Группа №41_№1
eefc4bec8df8e01c0ed8411a6ad67299;5;M1 Контрольный тест (level 1) (1 и 2 попытка);8.90000;Группа №41_№1
7e6c9e43e44ee888e2de7939de58d2d3;4;Контрольный тест (Семестр 2 Лекция 1);88.57143;Группа №42(1)
7e6c9e43e44ee888e2de7939de58d2d3;1;Тест к лекции 1;100.00000;Группа №42(1)
7e6c9e43e44ee888e2de7939de58d2d3;2;Тест к лекции 2;94.66670;Группа №42(1)
7e6c9e43e44ee888e2de7939de58d2d3;3;Тест на лекции 3;93.33340;Группа №42(1)
21749e7202b8c0d08f6067a6124072c8;1;Тест к лекции 1;100.00000;Группа №41_№1
21749e7202b8c0d08f6067a6124072c8;2;Тест к лекции 2;75.50000;Группа №41_№1
21749e7202b8c0d08f6067a6124072c8;3;Тест на лекции 3;100.00000;Группа №41_№1
21749e7202b8c0d08f6067a6124072c8;4;Контрольный тест (Семестр 2 Лекция 1);98.57143;Группа №41_№1
21749e7202b8c0d08f6067a6124072c8;5;M1 Контрольный тест (level 1) (1 и 2 попытка);7.50000;Группа №41_№1
21749e7202b8c0d08f6067a6124072c8;1;Тест к лекции 1;100.00000;Группа №41(1)
21749e7202b8c0d08f6067a6124072c8;2;Тест к лекции 2;75.50000;Группа №41(1)
21749e7202b8c0d08f6067a6124072c8;3;Тест на лекции 3;100.00000;Группа №41(1)
21749e7202b8c0d08f6067a6124072c8;4;Контрольный тест (Семестр 2 Лекция 1);98.57143;Группа №41(1)
21749e7202b8c0d08f6067a6124072c8;5;M1 Контрольный тест (level 1) (1 и 2 попытка);7.50000;Группа №41(1)
c1e72515c13d6a6831f8712a08b39e64;5;M1 Контрольный тест (level 1) (1 и 2 попытка);8.80000;Группа №41_№1
c1e72515c13d6a6831f8712a08b39e64;1;Тест к лекции 1;75.00000;Группа №41(1)
c1e72515c13d6a6831f8712a08b39e64;2;Тест к лекции 2;100.00000;Группа №41(1)
c1e72515c13d6a6831f8712a08b39e64;4;Контрольный тест (Семестр 2 Лекция 1);85.71429;Группа №41(1)
c1e72515c13d6a6831f8712a08b39e64;5;M1 Контрольный тест (level 1) (1 и 2 попытка);8.80000;Группа №41(1)
c1e72515c13d6a6831f8712a08b39e64;1;Тест к лекции 1;75.00000;Группа №41_№1
c1e72515c13d6a6831f8712a08b39e64;2;Тест к лекции 2;100.00000;Группа №41_№1
c1e72515c13d6a6831f8712a08b39e64;4;Контрольный тест (Семестр 2 Лекция 1);85.71429;Группа №41_№1
4daaca56db7966924430b30f8cd33a52;4;Контрольный тест (Семестр 2 Лекция 1);82.85714;Группа №41(1)
4daaca56db7966924430b30f8cd33a52;5;M1 Контрольный тест (level 1) (1 и 2 попытка);7.90000;Группа №41(1)
4daaca56db7966924430b30f8cd33a52;1;Тест к лекции 1;100.00000;Группа №41(1)
4daaca56db7966924430b30f8cd33a52;2;Тест к лекции 2;90.00000;Группа №41(1)
4daaca56db7966924430b30f8cd33a52;3;Тест на лекции 3;100.00000;Группа №41(1)
de40c6006a2d78b4e5914ed30c4255f7;1;Тест к лекции 1;87.50000;Группа №42(1)
de40c6006a2d78b4e5914ed30c4255f7;2;Тест к лекции 2;80.00000;Группа №42(1)
de40c6006a2d78b4e5914ed30c4255f7;3;Тест на лекции 3;100.00000;Группа №42(1)
de40c6006a2d78b4e5914ed30c4255f7;4;Контрольный тест (Семестр 2 Лекция 1);82.85714;Группа №42(1)
2cd0d7a96a3d1767827b11e409a84877;1;Тест к лекции 1;100.00000;Группа №41(1)
2cd0d7a96a3d1767827b11e409a84877;2;Тест к лекции 2;72.50000;Группа №41(1)
2cd0d7a96a3d1767827b11e409a84877;3;Тест на лекции 3;93.33340;Группа №41(1)
2cd0d7a96a3d1767827b11e409a84877;4;Контрольный тест (Семестр 2 Лекция 1);70.00000;Группа №41(1)
2cd0d7a96a3d1767827b11e409a84877;5;M1 Контрольный тест (level 1) (1 и 2 попытка);7.90000;Группа №41(1)
0f24a5ef731e24aaaa7196ccbf8acb2b;1;Тест к лекции 1;87.50000;Группа №42(1)
0f24a5ef731e24aaaa7196ccbf8acb2b;2;Тест к лекции 2;90.00000;Группа №42(1)
0f24a5ef731e24aaaa7196ccbf8acb2b;3;Тест на лекции 3;80.00000;Группа №42(1)
0f24a5ef731e24aaaa7196ccbf8acb2b;4;Контрольный тест (Семестр 2 Лекция 1);97.14286;Группа №42(1)
28d5cfaab6c3d6a28a667c8319694a68;5;M1 Контрольный тест (level 1) (1 и 2 попытка);7.70000;Группа №41_№1
28d5cfaab6c3d6a28a667c8319694a68;1;Тест к лекции 1;100.00000;Группа №41(1)
28d5cfaab6c3d6a28a667c8319694a68;2;Тест к лекции 2;80.00000;Группа №41(1)
28d5cfaab6c3d6a28a667c8319694a68;3;Тест на лекции 3;100.00000;Группа №41(1)
28d5cfaab6c3d6a28a667c8319694a68;4;Контрольный тест (Семестр 2 Лекция 1);100.00000;Группа №41(1)
28d5cfaab6c3d6a28a667c8319694a68;1;Тест к лекции 1;100.00000;Группа №41_№1
28d5cfaab6c3d6a28a667c8319694a68;5;M1 Контрольный тест (level 1) (1 и 2 попытка);7.70000;Группа №41(1)
28d5cfaab6c3d6a28a667c8319694a68;2;Тест к лекции 2;80.00000;Группа №41_№1
28d5cfaab6c3d6a28a667c8319694a68;3;Тест на лекции 3;100.00000;Группа №41_№1
28d5cfaab6c3d6a28a667c8319694a68;4;Контрольный тест (Семестр 2 Лекция 1);100.00000;Группа №41_№1
9c2b23b6b953153ea09e60feb85b7792;1;Тест к лекции 1;100.00000;Группа №41(1)
9c2b23b6b953153ea09e60feb85b7792;2;Тест к лекции 2;90.00000;Группа №41(1)
9c2b23b6b953153ea09e60feb85b7792;3;Тест на лекции 3;0.00000;Группа №41(1)
9c2b23b6b953153ea09e60feb85b7792;4;Контрольный тест (Семестр 2 Лекция 1);70.00000;Группа №41(1)
9c2b23b6b953153ea09e60feb85b7792;5;M1 Контрольный тест (level 1) (1 и 2 попытка);7.80000;Группа №41(1)
8c6e446f99c2a27c0d71aad7650022ce;4;Контрольный тест (Семестр 2 Лекция 1);84.28571;Группа №41(1)
8c6e446f99c2a27c0d71aad7650022ce;5;M1 Контрольный тест (level 1) (1 и 2 попытка);8.60000;Группа №41(1)
8c6e446f99c2a27c0d71aad7650022ce;6;M1 Тренировочное тестирование (level 1);5.44444;Группа №41(1)
8c6e446f99c2a27c0d71aad7650022ce;1;Тест к лекции 1;100.00000;Группа №41_№1
8c6e446f99c2a27c0d71aad7650022ce;2;Тест к лекции 2;75.00000;Группа №41_№1
8c6e446f99c2a27c0d71aad7650022ce;3;Тест на лекции 3;73.33340;Группа №41_№1
8c6e446f99c2a27c0d71aad7650022ce;4;Контрольный тест (Семестр 2 Лекция 1);84.28571;Группа №41_№1
8c6e446f99c2a27c0d71aad7650022ce;5;M1 Контрольный тест (level 1) (1 и 2 попытка);8.60000;Группа №41_№1
8c6e446f99c2a27c0d71aad7650022ce;6;M1 Тренировочное тестирование (level 1);5.44444;Группа №41_№1
8c6e446f99c2a27c0d71aad7650022ce;1;Тест к лекции 1;100.00000;Группа №41(1)
8c6e446f99c2a27c0d71aad7650022ce;2;Тест к лекции 2;75.00000;Группа №41(1)
8c6e446f99c2a27c0d71aad7650022ce;3;Тест на лекции 3;73.33340;Группа №41(1)
9f27dec2ea63de0a9b0ace4cac8d2b06;1;Тест к лекции 1;100.00000;Группа №42(1)
9f27dec2ea63de0a9b0ace4cac8d2b06;2;Тест к лекции 2;90.00000;Группа №42(1)
9f27dec2ea63de0a9b0ace4cac8d2b06;3;Тест на лекции 3;80.00000;Группа №42(1)
9f27dec2ea63de0a9b0ace4cac8d2b06;4;Контрольный тест (Семестр 2 Лекция 1);98.57143;Группа №42(1)
b9cfae00235c99e401988ca07ed5aea4;1;Тест к лекции 1;100.00000;Группа №42(1)
b9cfae00235c99e401988ca07ed5aea4;2;Тест к лекции 2;90.00000;Группа №42(1)
b9cfae00235c99e401988ca07ed5aea4;3;Тест на лекции 3;73.33340;Группа №42(1)
b9cfae00235c99e401988ca07ed5aea4;4;Контрольный тест (Семестр 2 Лекция 1);78.57143;Группа №42(1)
d50652d96d31938a113d14225d58e316;5;M1 Контрольный тест (level 1) (1 и 2 попытка);2.50000;Группа №41(1)
d50652d96d31938a113d14225d58e316;2;Тест к лекции 2;89.00000;Группа №41_№1
d50652d96d31938a113d14225d58e316;6;M1 Тренировочное тестирование (level 1);0.00000;Группа №41(1)
d50652d96d31938a113d14225d58e316;4;Контрольный тест (Семестр 2 Лекция 1);50.00000;Группа №41_№1
d50652d96d31938a113d14225d58e316;5;M1 Контрольный тест (level 1) (1 и 2 попытка);2.50000;Группа №41_№1
d50652d96d31938a113d14225d58e316;6;M1 Тренировочное тестирование (level 1);0.00000;Группа №41_№1
d50652d96d31938a113d14225d58e316;1;Тест к лекции 1;91.66675;Группа №41(1)
d50652d96d31938a113d14225d58e316;2;Тест к лекции 2;89.00000;Группа №41(1)
d50652d96d31938a113d14225d58e316;4;Контрольный тест (Семестр 2 Лекция 1);50.00000;Группа №41(1)
d50652d96d31938a113d14225d58e316;1;Тест к лекции 1;91.66675;Группа №41_№1
c9b7a771d7e6d0ac3364a6f2854203de;5;M1 Контрольный тест (level 1) (1 и 2 попытка);8.90000;Группа №41(1)
c9b7a771d7e6d0ac3364a6f2854203de;1;Тест к лекции 1;100.00000;Группа №41_№1
c9b7a771d7e6d0ac3364a6f2854203de;2;Тест к лекции 2;90.00000;Группа №41_№1
c9b7a771d7e6d0ac3364a6f2854203de;3;Тест на лекции 3;100.00000;Группа №41_№1
c9b7a771d7e6d0ac3364a6f2854203de;4;Контрольный тест (Семестр 2 Лекция 1);98.57143;Группа №41_№1
c9b7a771d7e6d0ac3364a6f2854203de;5;M1 Контрольный тест (level 1) (1 и 2 попытка);8.90000;Группа №41_№1
c9b7a771d7e6d0ac3364a6f2854203de;1;Тест к лекции 1;100.00000;Группа №41(1)
c9b7a771d7e6d0ac3364a6f2854203de;2;Тест к лекции 2;90.00000;Группа №41(1)
c9b7a771d7e6d0ac3364a6f2854203de;3;Тест на лекции 3;100.00000;Группа №41(1)
c9b7a771d7e6d0ac3364a6f2854203de;4;Контрольный тест (Семестр 2 Лекция 1);98.57143;Группа №41(1)
95c04eb869f85ff0046a1d79c216f7de;1;Тест к лекции 1;79.16675;Группа №45(1)
95c04eb869f85ff0046a1d79c216f7de;2;Тест к лекции 2;98.00000;Группа №45(1)
95c04eb869f85ff0046a1d79c216f7de;3;Тест на лекции 3;33.33340;Группа №45(1)
95c04eb869f85ff0046a1d79c216f7de;4;Контрольный тест (Семестр 2 Лекция 1);100.00000;Группа №45(1)
95c04eb869f85ff0046a1d79c216f7de;5;M1 Контрольный тест (level 1) (1 и 2 попытка);9.20000;Группа №45(1)
95c04eb869f85ff0046a1d79c216f7de;1;Тест к лекции 1;79.16675;Группа №45(1/2(1))
95c04eb869f85ff0046a1d79c216f7de;2;Тест к лекции 2;98.00000;Группа №45(1/2(1))
95c04eb869f85ff0046a1d79c216f7de;3;Тест на лекции 3;33.33340;Группа №45(1/2(1))
95c04eb869f85ff0046a1d79c216f7de;4;Контрольный тест (Семестр 2 Лекция 1);100.00000;Группа №45(1/2(1))
95c04eb869f85ff0046a1d79c216f7de;5;M1 Контрольный тест (level 1) (1 и 2 попытка);9.20000;Группа №45(1/2(1))
5fd73103fd3115b576414b58e4d54b21;1;Тест к лекции 1;75.00000;Группа №45(1)
5fd73103fd3115b576414b58e4d54b21;2;Тест к лекции 2;86.50000;Группа №45(1)
5fd73103fd3115b576414b58e4d54b21;4;Контрольный тест (Семестр 2 Лекция 1);98.57143;Группа №45(1)
fa705906426e075e9e17683522a17bc5;1;Тест к лекции 1;91.66675;Группа №45(1)
fa705906426e075e9e17683522a17bc5;2;Тест к лекции 2;75.83330;Группа №45(1)
fa705906426e075e9e17683522a17bc5;3;Тест на лекции 3;53.33340;Группа №45(1)
fa705906426e075e9e17683522a17bc5;4;Контрольный тест (Семестр 2 Лекция 1);92.85714;Группа №45(1)
141592e75f8a039a1a04b6eba1546383;4;Контрольный тест (Семестр 2 Лекция 1);85.71429;Группа №45(1/2(1))
141592e75f8a039a1a04b6eba1546383;5;M1 Контрольный тест (level 1) (1 и 2 попытка);8.80000;Группа №45(1/2(1))
141592e75f8a039a1a04b6eba1546383;1;Тест к лекции 1;91.66675;Группа №45(1)
141592e75f8a039a1a04b6eba1546383;2;Тест к лекции 2;100.00000;Группа №45(1)
141592e75f8a039a1a04b6eba1546383;3;Тест на лекции 3;100.00000;Группа №45(1)
141592e75f8a039a1a04b6eba1546383;1;Тест к лекции 1;91.66675;Группа №45(1/2(1))
141592e75f8a039a1a04b6eba1546383;4;Контрольный тест (Семестр 2 Лекция 1);85.71429;Группа №45(1)
141592e75f8a039a1a04b6eba1546383;2;Тест к лекции 2;100.00000;Группа №45(1/2(1))
141592e75f8a039a1a04b6eba1546383;5;M1 Контрольный тест (level 1) (1 и 2 попытка);8.80000;Группа №45(1)
141592e75f8a039a1a04b6eba1546383;3;Тест на лекции 3;100.00000;Группа №45(1/2(1))
bb8904074d7a55f9666c4d9ad21c427a;1;Тест к лекции 1;87.50000;Группа №45(1)
bb8904074d7a55f9666c4d9ad21c427a;2;Тест к лекции 2;100.00000;Группа №45(1)
bb8904074d7a55f9666c4d9ad21c427a;3;Тест на лекции 3;100.00000;Группа №45(1)
bb8904074d7a55f9666c4d9ad21c427a;4;Контрольный тест (Семестр 2 Лекция 1);82.85714;Группа №45(1)
37daa36afe70b74f14b1b3388ac60362;3;Тест на лекции 3;80.00000;Группа №45(1)
37daa36afe70b74f14b1b3388ac60362;5;M1 Контрольный тест (level 1) (1 и 2 попытка);7.90000;Группа №45(1/2(1))
37daa36afe70b74f14b1b3388ac60362;4;Контрольный тест (Семестр 2 Лекция 1);98.57143;Группа №45(1)
37daa36afe70b74f14b1b3388ac60362;5;M1 Контрольный тест (level 1) (1 и 2 попытка);7.90000;Группа №45(1)
37daa36afe70b74f14b1b3388ac60362;1;Тест к лекции 1;100.00000;Группа №45(1/2(1))
37daa36afe70b74f14b1b3388ac60362;2;Тест к лекции 2;100.00000;Группа №45(1/2(1))
37daa36afe70b74f14b1b3388ac60362;1;Тест к лекции 1;100.00000;Группа №45(1)
37daa36afe70b74f14b1b3388ac60362;3;Тест на лекции 3;80.00000;Группа №45(1/2(1))
37daa36afe70b74f14b1b3388ac60362;2;Тест к лекции 2;100.00000;Группа №45(1)
37daa36afe70b74f14b1b3388ac60362;4;Контрольный тест (Семестр 2 Лекция 1);98.57143;Группа №45(1/2(1))
ab6eb20ab3ee5a8eca9a3c0f11457344;1;Тест к лекции 1;100.00000;Группа №45(1)
ab6eb20ab3ee5a8eca9a3c0f11457344;2;Тест к лекции 2;93.33330;Группа №45(1)
ab6eb20ab3ee5a8eca9a3c0f11457344;3;Тест на лекции 3;66.66660;Группа №45(1)
ab6eb20ab3ee5a8eca9a3c0f11457344;4;Контрольный тест (Семестр 2 Лекция 1);98.57143;Группа №45(1)
2a428260e21b2f3eb0e7ea7c0c85f72d;5;M1 Контрольный тест (level 1) (1 и 2 попытка);7.50000;Группа №45(1)
2a428260e21b2f3eb0e7ea7c0c85f72d;6;M1 Тренировочное тестирование (level 1);9.88889;Группа №45(1)
2a428260e21b2f3eb0e7ea7c0c85f72d;1;Тест к лекции 1;70.83325;Группа №45(1/2(1))
2a428260e21b2f3eb0e7ea7c0c85f72d;2;Тест к лекции 2;90.00000;Группа №45(1/2(1))
2a428260e21b2f3eb0e7ea7c0c85f72d;3;Тест на лекции 3;80.00000;Группа №45(1/2(1))
2a428260e21b2f3eb0e7ea7c0c85f72d;4;Контрольный тест (Семестр 2 Лекция 1);98.57143;Группа №45(1/2(1))
2a428260e21b2f3eb0e7ea7c0c85f72d;5;M1 Контрольный тест (level 1) (1 и 2 попытка);7.50000;Группа №45(1/2(1))
2a428260e21b2f3eb0e7ea7c0c85f72d;6;M1 Тренировочное тестирование (level 1);9.88889;Группа №45(1/2(1))
2a428260e21b2f3eb0e7ea7c0c85f72d;1;Тест к лекции 1;70.83325;Группа №45(1)
2a428260e21b2f3eb0e7ea7c0c85f72d;2;Тест к лекции 2;90.00000;Группа №45(1)
2a428260e21b2f3eb0e7ea7c0c85f72d;3;Тест на лекции 3;80.00000;Группа №45(1)
2a428260e21b2f3eb0e7ea7c0c85f72d;4;Контрольный тест (Семестр 2 Лекция 1);98.57143;Группа №45(1)
7eb18437b450db2caff87ab7529c4e9c;1;Тест к лекции 1;100.00000;Группа №45(1/2(1))
7eb18437b450db2caff87ab7529c4e9c;2;Тест к лекции 2;100.00000;Группа №45(1/2(1))
7eb18437b450db2caff87ab7529c4e9c;3;Тест на лекции 3;100.00000;Группа №45(1/2(1))
7eb18437b450db2caff87ab7529c4e9c;4;Контрольный тест (Семестр 2 Лекция 1);84.28571;Группа №45(1/2(1))
7eb18437b450db2caff87ab7529c4e9c;1;Тест к лекции 1;100.00000;Группа №45(1)
7eb18437b450db2caff87ab7529c4e9c;5;M1 Контрольный тест (level 1) (1 и 2 попытка);9.40000;Группа №45(1/2(1))
7eb18437b450db2caff87ab7529c4e9c;2;Тест к лекции 2;100.00000;Группа №45(1)
7eb18437b450db2caff87ab7529c4e9c;3;Тест на лекции 3;100.00000;Группа №45(1)
7eb18437b450db2caff87ab7529c4e9c;4;Контрольный тест (Семестр 2 Лекция 1);84.28571;Группа №45(1)
7eb18437b450db2caff87ab7529c4e9c;5;M1 Контрольный тест (level 1) (1 и 2 попытка);9.40000;Группа №45(1)
b1f9e2e84247d68d669c706124547e86;1;Тест к лекции 1;79.16675;Группа №45(1)
b1f9e2e84247d68d669c706124547e86;2;Тест к лекции 2;84.00000;Группа №45(1)
b1f9e2e84247d68d669c706124547e86;4;Контрольный тест (Семестр 2 Лекция 1);75.00000;Группа №45(1)
6aa923f85dbf04fcac8fdcb4eb5cf090;1;Тест к лекции 1;100.00000;Группа №45(1)
6aa923f85dbf04fcac8fdcb4eb5cf090;2;Тест к лекции 2;93.33330;Группа №45(1)
6aa923f85dbf04fcac8fdcb4eb5cf090;3;Тест на лекции 3;93.33340;Группа №45(1)
6aa923f85dbf04fcac8fdcb4eb5cf090;4;Контрольный тест (Семестр 2 Лекция 1);98.57143;Группа №45(1)
9809264c4b92408b0bed9dfcbe64da2e;1;Тест к лекции 1;100.00000;Группа №45(1/2(1))
9809264c4b92408b0bed9dfcbe64da2e;2;Тест к лекции 2;93.33330;Группа №45(1/2(1))
9809264c4b92408b0bed9dfcbe64da2e;1;Тест к лекции 1;100.00000;Группа №45(1)
9809264c4b92408b0bed9dfcbe64da2e;4;Контрольный тест (Семестр 2 Лекция 1);91.42857;Группа №45(1/2(1))
9809264c4b92408b0bed9dfcbe64da2e;2;Тест к лекции 2;93.33330;Группа №45(1)
9809264c4b92408b0bed9dfcbe64da2e;5;M1 Контрольный тест (level 1) (1 и 2 попытка);9.80000;Группа №45(1/2(1))
9809264c4b92408b0bed9dfcbe64da2e;4;Контрольный тест (Семестр 2 Лекция 1);91.42857;Группа №45(1)
9809264c4b92408b0bed9dfcbe64da2e;5;M1 Контрольный тест (level 1) (1 и 2 попытка);9.80000;Группа №45(1)
e6eb6912ef4a5db1334b7dba834849cd;1;Тест к лекции 1;100.00000;Группа №45(1)
e6eb6912ef4a5db1334b7dba834849cd;2;Тест к лекции 2;76.33330;Группа №45(1)
e6eb6912ef4a5db1334b7dba834849cd;3;Тест на лекции 3;80.00000;Группа №45(1)
e6eb6912ef4a5db1334b7dba834849cd;4;Контрольный тест (Семестр 2 Лекция 1);74.28571;Группа №45(1)
edd25767e84fe378accf42819967565a;1;Тест к лекции 1;75.00000;Группа №45(1)
edd25767e84fe378accf42819967565a;2;Тест к лекции 2;87.33330;Группа №45(1)
edd25767e84fe378accf42819967565a;3;Тест на лекции 3;100.00000;Группа №45(1)
edd25767e84fe378accf42819967565a;4;Контрольный тест (Семестр 2 Лекция 1);97.14286;Группа №45(1)
62fe2e83237c5d68bf287987b97296a5;1;Тест к лекции 1;100.00000;Группа №45(1)
62fe2e83237c5d68bf287987b97296a5;2;Тест к лекции 2;100.00000;Группа №45(1)
62fe2e83237c5d68bf287987b97296a5;3;Тест на лекции 3;80.00000;Группа №45(1)
62fe2e83237c5d68bf287987b97296a5;4;Контрольный тест (Семестр 2 Лекция 1);91.42857;Группа №45(1)
f43257d2c37b7c1e34bc3faf5f047a5f;4;Контрольный тест (Семестр 2 Лекция 1);64.28571;Группа №45(1/2(1))
f43257d2c37b7c1e34bc3faf5f047a5f;5;M1 Контрольный тест (level 1) (1 и 2 попытка);8.80000;Группа №45(1/2(1))
f43257d2c37b7c1e34bc3faf5f047a5f;1;Тест к лекции 1;100.00000;Группа №45(1)
f43257d2c37b7c1e34bc3faf5f047a5f;2;Тест к лекции 2;100.00000;Группа №45(1)
f43257d2c37b7c1e34bc3faf5f047a5f;4;Контрольный тест (Семестр 2 Лекция 1);64.28571;Группа №45(1)
f43257d2c37b7c1e34bc3faf5f047a5f;5;M1 Контрольный тест (level 1) (1 и 2 попытка);8.80000;Группа №45(1)
f43257d2c37b7c1e34bc3faf5f047a5f;1;Тест к лекции 1;100.00000;Группа №45(1/2(1))
f43257d2c37b7c1e34bc3faf5f047a5f;2;Тест к лекции 2;100.00000;Группа №45(1/2(1))
dca1b94102fea7363001f8a034c0b2d7;2;Тест к лекции 2;95.00000;Группа №45(1)
dca1b94102fea7363001f8a034c0b2d7;3;Тест на лекции 3;80.00000;Группа №45(1)
dca1b94102fea7363001f8a034c0b2d7;4;Контрольный тест (Семестр 2 Лекция 1);78.57143;Группа №45(1)
dca1b94102fea7363001f8a034c0b2d7;1;Тест к лекции 1;100.00000;Группа №45(1)
c7a54e164214ff7a18a8be0dc76fcb6b;1;Тест к лекции 1;100.00000;Группа №45(1/2(1))
c7a54e164214ff7a18a8be0dc76fcb6b;2;Тест к лекции 2;100.00000;Группа №45(1/2(1))
c7a54e164214ff7a18a8be0dc76fcb6b;1;Тест к лекции 1;100.00000;Группа №45(1)
c7a54e164214ff7a18a8be0dc76fcb6b;3;Тест на лекции 3;100.00000;Группа №45(1/2(1))
c7a54e164214ff7a18a8be0dc76fcb6b;2;Тест к лекции 2;100.00000;Группа №45(1)
c7a54e164214ff7a18a8be0dc76fcb6b;4;Контрольный тест (Семестр 2 Лекция 1);85.71429;Группа №45(1/2(1))
c7a54e164214ff7a18a8be0dc76fcb6b;3;Тест на лекции 3;100.00000;Группа №45(1)
c7a54e164214ff7a18a8be0dc76fcb6b;4;Контрольный тест (Семестр 2 Лекция 1);85.71429;Группа №45(1)
c7a54e164214ff7a18a8be0dc76fcb6b;5;M1 Контрольный тест (level 1) (1 и 2 попытка);9.00000;Группа №45(1/2(1))
c7a54e164214ff7a18a8be0dc76fcb6b;5;M1 Контрольный тест (level 1) (1 и 2 попытка);9.00000;Группа №45(1)
736afcdbaccd2898571b4f45caecf947;1;Тест к лекции 1;100.00000;Группа №45(1)
736afcdbaccd2898571b4f45caecf947;2;Тест к лекции 2;93.00000;Группа №45(1)
736afcdbaccd2898571b4f45caecf947;3;Тест на лекции 3;60.00000;Группа №45(1)
736afcdbaccd2898571b4f45caecf947;4;Контрольный тест (Семестр 2 Лекция 1);92.85714;Группа №45(1)
f0eb3104350a095353d72f8287463b4d;1;Тест к лекции 1;100.00000;Группа №45(1)
f0eb3104350a095353d72f8287463b4d;2;Тест к лекции 2;82.00000;Группа №45(1)
f0eb3104350a095353d72f8287463b4d;3;Тест на лекции 3;60.00000;Группа №45(1)
f0eb3104350a095353d72f8287463b4d;1;Тест к лекции 1;100.00000;Группа №45(1/2(1))
f0eb3104350a095353d72f8287463b4d;4;Контрольный тест (Семестр 2 Лекция 1);85.71429;Группа №45(1)
f0eb3104350a095353d72f8287463b4d;2;Тест к лекции 2;82.00000;Группа №45(1/2(1))
f0eb3104350a095353d72f8287463b4d;5;M1 Контрольный тест (level 1) (1 и 2 попытка);9.40000;Группа №45(1)
f0eb3104350a095353d72f8287463b4d;3;Тест на лекции 3;60.00000;Группа №45(1/2(1))
f0eb3104350a095353d72f8287463b4d;4;Контрольный тест (Семестр 2 Лекция 1);85.71429;Группа №45(1/2(1))
f0eb3104350a095353d72f8287463b4d;5;M1 Контрольный тест (level 1) (1 и 2 попытка);9.40000;Группа №45(1/2(1))
e314b25dc99b901cda12bd533219c3db;1;Тест к лекции 1;100.00000;Группа №45(1/2(1))
e314b25dc99b901cda12bd533219c3db;2;Тест к лекции 2;100.00000;Группа №45(1/2(1))
e314b25dc99b901cda12bd533219c3db;3;Тест на лекции 3;80.00000;Группа №45(1/2(1))
e314b25dc99b901cda12bd533219c3db;4;Контрольный тест (Семестр 2 Лекция 1);85.71429;Группа №45(1/2(1))
e314b25dc99b901cda12bd533219c3db;1;Тест к лекции 1;100.00000;Группа №45(1)
e314b25dc99b901cda12bd533219c3db;5;M1 Контрольный тест (level 1) (1 и 2 попытка);7.90000;Группа №45(1/2(1))
e314b25dc99b901cda12bd533219c3db;2;Тест к лекции 2;100.00000;Группа №45(1)
e314b25dc99b901cda12bd533219c3db;3;Тест на лекции 3;80.00000;Группа №45(1)
e314b25dc99b901cda12bd533219c3db;4;Контрольный тест (Семестр 2 Лекция 1);85.71429;Группа №45(1)
e314b25dc99b901cda12bd533219c3db;5;M1 Контрольный тест (level 1) (1 и 2 попытка);7.90000;Группа №45(1)
1cc6dac714e88a1c2d2c607119e60864;1;Тест к лекции 1;100.00000;Группа №45(1)
1cc6dac714e88a1c2d2c607119e60864;2;Тест к лекции 2;100.00000;Группа №45(1)
1cc6dac714e88a1c2d2c607119e60864;3;Тест на лекции 3;80.00000;Группа №45(1)
1cc6dac714e88a1c2d2c607119e60864;4;Контрольный тест (Семестр 2 Лекция 1);78.57143;Группа №45(1)
f1cbb8f6d51234d16cec0fc5e886fda3;1;Тест к лекции 1;100.00000;Группа №45(1)
f1cbb8f6d51234d16cec0fc5e886fda3;2;Тест к лекции 2;91.50000;Группа №45(1)
f1cbb8f6d51234d16cec0fc5e886fda3;3;Тест на лекции 3;100.00000;Группа №45(1)
f1cbb8f6d51234d16cec0fc5e886fda3;4;Контрольный тест (Семестр 2 Лекция 1);98.57143;Группа №45(1)
ae3c13cc4283e8b595fc0df2c86bf397;1;Тест к лекции 1;100.00000;Группа №45(1/2(1))
ae3c13cc4283e8b595fc0df2c86bf397;3;Тест на лекции 3;100.00000;Группа №45(1/2(1))
ae3c13cc4283e8b595fc0df2c86bf397;4;Контрольный тест (Семестр 2 Лекция 1);77.14286;Группа №45(1/2(1))
ae3c13cc4283e8b595fc0df2c86bf397;1;Тест к лекции 1;100.00000;Группа №45(1)
ae3c13cc4283e8b595fc0df2c86bf397;5;M1 Контрольный тест (level 1) (1 и 2 попытка);9.30000;Группа №45(1/2(1))
ae3c13cc4283e8b595fc0df2c86bf397;3;Тест на лекции 3;100.00000;Группа №45(1)
ae3c13cc4283e8b595fc0df2c86bf397;4;Контрольный тест (Семестр 2 Лекция 1);77.14286;Группа №45(1)
ae3c13cc4283e8b595fc0df2c86bf397;5;M1 Контрольный тест (level 1) (1 и 2 попытка);9.30000;Группа №45(1)
3bf72ffaa7990cd53f2b501c015ca363;1;Тест к лекции 1;100.00000;Группа №45(1)
3bf72ffaa7990cd53f2b501c015ca363;2;Тест к лекции 2;100.00000;Группа №45(1)
3bf72ffaa7990cd53f2b501c015ca363;3;Тест на лекции 3;80.00000;Группа №45(1)
3bf72ffaa7990cd53f2b501c015ca363;4;Контрольный тест (Семестр 2 Лекция 1);64.28571;Группа №45(1)
3bf72ffaa7990cd53f2b501c015ca363;5;M1 Контрольный тест (level 1) (1 и 2 попытка);8.30000;Группа №45(1)
3bf72ffaa7990cd53f2b501c015ca363;1;Тест к лекции 1;100.00000;Группа №45(1/2(1))
3bf72ffaa7990cd53f2b501c015ca363;2;Тест к лекции 2;100.00000;Группа №45(1/2(1))
3bf72ffaa7990cd53f2b501c015ca363;3;Тест на лекции 3;80.00000;Группа №45(1/2(1))
3bf72ffaa7990cd53f2b501c015ca363;4;Контрольный тест (Семестр 2 Лекция 1);64.28571;Группа №45(1/2(1))
3bf72ffaa7990cd53f2b501c015ca363;5;M1 Контрольный тест (level 1) (1 и 2 попытка);8.30000;Группа №45(1/2(1))
e82492525b9a56a00dcd4cec314fe996;1;Тест к лекции 1;100.00000;Группа №45(1)
e82492525b9a56a00dcd4cec314fe996;2;Тест к лекции 2;99.00000;Группа №45(1)
e82492525b9a56a00dcd4cec314fe996;3;Тест на лекции 3;100.00000;Группа №45(1)
e82492525b9a56a00dcd4cec314fe996;4;Контрольный тест (Семестр 2 Лекция 1);84.28571;Группа №45(1)
9aa747ca6ee5836478345269a7e36afa;1;Тест к лекции 1;100.00000;Группа №45(1/2(1))
9aa747ca6ee5836478345269a7e36afa;2;Тест к лекции 2;88.33330;Группа №45(1/2(1))
9aa747ca6ee5836478345269a7e36afa;1;Тест к лекции 1;100.00000;Группа №45(1)
9aa747ca6ee5836478345269a7e36afa;3;Тест на лекции 3;100.00000;Группа №45(1/2(1))
9aa747ca6ee5836478345269a7e36afa;2;Тест к лекции 2;88.33330;Группа №45(1)
9aa747ca6ee5836478345269a7e36afa;4;Контрольный тест (Семестр 2 Лекция 1);85.71429;Группа №45(1/2(1))
9aa747ca6ee5836478345269a7e36afa;3;Тест на лекции 3;100.00000;Группа №45(1)
9aa747ca6ee5836478345269a7e36afa;5;M1 Контрольный тест (level 1) (1 и 2 попытка);8.00000;Группа №45(1/2(1))
9aa747ca6ee5836478345269a7e36afa;4;Контрольный тест (Семестр 2 Лекция 1);85.71429;Группа №45(1)
9aa747ca6ee5836478345269a7e36afa;5;M1 Контрольный тест (level 1) (1 и 2 попытка);8.00000;Группа №45(1)
41d1bad4bb671774ae12383215806445;1;Тест к лекции 1;100.00000;Группа №46(1)
41d1bad4bb671774ae12383215806445;2;Тест к лекции 2;95.00000;Группа №46(1)
41d1bad4bb671774ae12383215806445;3;Тест на лекции 3;100.00000;Группа №46(1)
41d1bad4bb671774ae12383215806445;4;Контрольный тест (Семестр 2 Лекция 1);100.00000;Группа №46(1)
41d1bad4bb671774ae12383215806445;1;Тест к лекции 1;100.00000;Группа №46_2(1)
41d1bad4bb671774ae12383215806445;5;M1 Контрольный тест (level 1) (1 и 2 попытка);10.00000;Группа №46(1)
41d1bad4bb671774ae12383215806445;2;Тест к лекции 2;95.00000;Группа №46_2(1)
41d1bad4bb671774ae12383215806445;3;Тест на лекции 3;100.00000;Группа №46_2(1)
41d1bad4bb671774ae12383215806445;4;Контрольный тест (Семестр 2 Лекция 1);100.00000;Группа №46_2(1)
41d1bad4bb671774ae12383215806445;5;M1 Контрольный тест (level 1) (1 и 2 попытка);10.00000;Группа №46_2(1)
802c0afd5f139b9d134aa8d75fc5649a;1;Тест к лекции 1;91.66675;Группа №46(1)
802c0afd5f139b9d134aa8d75fc5649a;1;Тест к лекции 1;91.66675;Группа №46_2(1)
802c0afd5f139b9d134aa8d75fc5649a;2;Тест к лекции 2;75.00000;Группа №46(1)
802c0afd5f139b9d134aa8d75fc5649a;2;Тест к лекции 2;75.00000;Группа №46_2(1)
802c0afd5f139b9d134aa8d75fc5649a;3;Тест на лекции 3;100.00000;Группа №46(1)
802c0afd5f139b9d134aa8d75fc5649a;3;Тест на лекции 3;100.00000;Группа №46_2(1)
802c0afd5f139b9d134aa8d75fc5649a;4;Контрольный тест (Семестр 2 Лекция 1);82.85714;Группа №46(1)
802c0afd5f139b9d134aa8d75fc5649a;4;Контрольный тест (Семестр 2 Лекция 1);82.85714;Группа №46_2(1)
802c0afd5f139b9d134aa8d75fc5649a;5;M1 Контрольный тест (level 1) (1 и 2 попытка);8.10000;Группа №46(1)
802c0afd5f139b9d134aa8d75fc5649a;5;M1 Контрольный тест (level 1) (1 и 2 попытка);8.10000;Группа №46_2(1)
1772c3be017a34ae1a05d89f8fe5b941;1;Тест к лекции 1;100.00000;Группа №46(1)
1772c3be017a34ae1a05d89f8fe5b941;2;Тест к лекции 2;90.00000;Группа №46(1)
1772c3be017a34ae1a05d89f8fe5b941;3;Тест на лекции 3;100.00000;Группа №46(1)
1772c3be017a34ae1a05d89f8fe5b941;4;Контрольный тест (Семестр 2 Лекция 1);85.71429;Группа №46(1)
1772c3be017a34ae1a05d89f8fe5b941;5;M1 Контрольный тест (level 1) (1 и 2 попытка);7.60000;Группа №46(1)
1772c3be017a34ae1a05d89f8fe5b941;1;Тест к лекции 1;100.00000;Группа №46_1(1)
1772c3be017a34ae1a05d89f8fe5b941;2;Тест к лекции 2;90.00000;Группа №46_1(1)
1772c3be017a34ae1a05d89f8fe5b941;3;Тест на лекции 3;100.00000;Группа №46_1(1)
1772c3be017a34ae1a05d89f8fe5b941;4;Контрольный тест (Семестр 2 Лекция 1);85.71429;Группа №46_1(1)
1772c3be017a34ae1a05d89f8fe5b941;5;M1 Контрольный тест (level 1) (1 и 2 попытка);7.60000;Группа №46_1(1)
11db87f0dfc6af0cc7f979de848c08a4;1;Тест к лекции 1;100.00000;Группа №46_2(1)
11db87f0dfc6af0cc7f979de848c08a4;1;Тест к лекции 1;100.00000;Группа №46(1)
11db87f0dfc6af0cc7f979de848c08a4;2;Тест к лекции 2;85.00000;Группа №46_2(1)
11db87f0dfc6af0cc7f979de848c08a4;2;Тест к лекции 2;85.00000;Группа №46(1)
11db87f0dfc6af0cc7f979de848c08a4;3;Тест на лекции 3;100.00000;Группа №46_2(1)
11db87f0dfc6af0cc7f979de848c08a4;3;Тест на лекции 3;100.00000;Группа №46(1)
11db87f0dfc6af0cc7f979de848c08a4;4;Контрольный тест (Семестр 2 Лекция 1);85.71429;Группа №46(1)
11db87f0dfc6af0cc7f979de848c08a4;4;Контрольный тест (Семестр 2 Лекция 1);85.71429;Группа №46_2(1)
11db87f0dfc6af0cc7f979de848c08a4;5;M1 Контрольный тест (level 1) (1 и 2 попытка);9.00000;Группа №46(1)
11db87f0dfc6af0cc7f979de848c08a4;5;M1 Контрольный тест (level 1) (1 и 2 попытка);9.00000;Группа №46_2(1)
e71ea7e3fdad521fceb5383e9a130fdf;3;Тест на лекции 3;100.00000;Группа №46(1)
e71ea7e3fdad521fceb5383e9a130fdf;4;Контрольный тест (Семестр 2 Лекция 1);85.71429;Группа №46(1)
e71ea7e3fdad521fceb5383e9a130fdf;1;Тест к лекции 1;100.00000;Группа №46_2(1)
e71ea7e3fdad521fceb5383e9a130fdf;5;M1 Контрольный тест (level 1) (1 и 2 попытка);8.90000;Группа №46(1)
e71ea7e3fdad521fceb5383e9a130fdf;2;Тест к лекции 2;91.66670;Группа №46_2(1)
e71ea7e3fdad521fceb5383e9a130fdf;3;Тест на лекции 3;100.00000;Группа №46_2(1)
e71ea7e3fdad521fceb5383e9a130fdf;4;Контрольный тест (Семестр 2 Лекция 1);85.71429;Группа №46_2(1)
e71ea7e3fdad521fceb5383e9a130fdf;5;M1 Контрольный тест (level 1) (1 и 2 попытка);8.90000;Группа №46_2(1)
e71ea7e3fdad521fceb5383e9a130fdf;1;Тест к лекции 1;100.00000;Группа №46(1)
e71ea7e3fdad521fceb5383e9a130fdf;2;Тест к лекции 2;91.66670;Группа №46(1)
bd2b1e861f45085bc5f2deff411cacfb;1;Тест к лекции 1;100.00000;Группа №46(1)
bd2b1e861f45085bc5f2deff411cacfb;2;Тест к лекции 2;73.00000;Группа №46(1)
bd2b1e861f45085bc5f2deff411cacfb;1;Тест к лекции 1;100.00000;Группа №46_1(1)
bd2b1e861f45085bc5f2deff411cacfb;3;Тест на лекции 3;100.00000;Группа №46(1)
bd2b1e861f45085bc5f2deff411cacfb;2;Тест к лекции 2;73.00000;Группа №46_1(1)
bd2b1e861f45085bc5f2deff411cacfb;4;Контрольный тест (Семестр 2 Лекция 1);100.00000;Группа №46(1)
bd2b1e861f45085bc5f2deff411cacfb;3;Тест на лекции 3;100.00000;Группа №46_1(1)
bd2b1e861f45085bc5f2deff411cacfb;5;M1 Контрольный тест (level 1) (1 и 2 попытка);8.30000;Группа №46(1)
bd2b1e861f45085bc5f2deff411cacfb;4;Контрольный тест (Семестр 2 Лекция 1);100.00000;Группа №46_1(1)
bd2b1e861f45085bc5f2deff411cacfb;5;M1 Контрольный тест (level 1) (1 и 2 попытка);8.30000;Группа №46_1(1)
9af66bfa48d4ae345be5a4ae28fc30e0;4;Контрольный тест (Семестр 2 Лекция 1);91.42857;Группа №46(1)
9af66bfa48d4ae345be5a4ae28fc30e0;5;M1 Контрольный тест (level 1) (1 и 2 попытка);8.80000;Группа №46(1)
9af66bfa48d4ae345be5a4ae28fc30e0;1;Тест к лекции 1;87.50000;Группа №46_1(1)
9af66bfa48d4ae345be5a4ae28fc30e0;2;Тест к лекции 2;95.00000;Группа №46_1(1)
9af66bfa48d4ae345be5a4ae28fc30e0;3;Тест на лекции 3;100.00000;Группа №46_1(1)
9af66bfa48d4ae345be5a4ae28fc30e0;4;Контрольный тест (Семестр 2 Лекция 1);91.42857;Группа №46_1(1)
9af66bfa48d4ae345be5a4ae28fc30e0;5;M1 Контрольный тест (level 1) (1 и 2 попытка);8.80000;Группа №46_1(1)
9af66bfa48d4ae345be5a4ae28fc30e0;1;Тест к лекции 1;87.50000;Группа №46(1)
9af66bfa48d4ae345be5a4ae28fc30e0;2;Тест к лекции 2;95.00000;Группа №46(1)
9af66bfa48d4ae345be5a4ae28fc30e0;3;Тест на лекции 3;100.00000;Группа №46(1)
2232046aac38436ec03b0fa01ea9b00f;4;Контрольный тест (Семестр 2 Лекция 1);85.71429;Группа №46_1(1)
2232046aac38436ec03b0fa01ea9b00f;5;M1 Контрольный тест (level 1) (1 и 2 попытка);8.50000;Группа №46_1(1)
2232046aac38436ec03b0fa01ea9b00f;1;Тест к лекции 1;100.00000;Группа №46(1)
2232046aac38436ec03b0fa01ea9b00f;2;Тест к лекции 2;100.00000;Группа №46(1)
2232046aac38436ec03b0fa01ea9b00f;3;Тест на лекции 3;100.00000;Группа №46(1)
2232046aac38436ec03b0fa01ea9b00f;4;Контрольный тест (Семестр 2 Лекция 1);85.71429;Группа №46(1)
2232046aac38436ec03b0fa01ea9b00f;5;M1 Контрольный тест (level 1) (1 и 2 попытка);8.50000;Группа №46(1)
2232046aac38436ec03b0fa01ea9b00f;1;Тест к лекции 1;100.00000;Группа №46_1(1)
2232046aac38436ec03b0fa01ea9b00f;2;Тест к лекции 2;100.00000;Группа №46_1(1)
2232046aac38436ec03b0fa01ea9b00f;3;Тест на лекции 3;100.00000;Группа №46_1(1)
a951936b7c42924648944ac3b5680019;1;Тест к лекции 1;100.00000;Группа №46_1(1)
a951936b7c42924648944ac3b5680019;2;Тест к лекции 2;100.00000;Группа №46_1(1)
a951936b7c42924648944ac3b5680019;3;Тест на лекции 3;93.33340;Группа №46_1(1)
a951936b7c42924648944ac3b5680019;4;Контрольный тест (Семестр 2 Лекция 1);100.00000;Группа №46_1(1)
a951936b7c42924648944ac3b5680019;1;Тест к лекции 1;100.00000;Группа №46(1)
a951936b7c42924648944ac3b5680019;5;M1 Контрольный тест (level 1) (1 и 2 попытка);8.90000;Группа №46_1(1)
a951936b7c42924648944ac3b5680019;2;Тест к лекции 2;100.00000;Группа №46(1)
a951936b7c42924648944ac3b5680019;3;Тест на лекции 3;93.33340;Группа №46(1)
a951936b7c42924648944ac3b5680019;4;Контрольный тест (Семестр 2 Лекция 1);100.00000;Группа №46(1)
a951936b7c42924648944ac3b5680019;5;M1 Контрольный тест (level 1) (1 и 2 попытка);8.90000;Группа №46(1)
c8fcdfd2f66ca8352e296a1b2050e1eb;1;Тест к лекции 1;100.00000;Группа №46(1)
c8fcdfd2f66ca8352e296a1b2050e1eb;2;Тест к лекции 2;95.00000;Группа №46(1)
c8fcdfd2f66ca8352e296a1b2050e1eb;1;Тест к лекции 1;100.00000;Группа №46_2(1)
c8fcdfd2f66ca8352e296a1b2050e1eb;3;Тест на лекции 3;100.00000;Группа №46(1)
c8fcdfd2f66ca8352e296a1b2050e1eb;2;Тест к лекции 2;95.00000;Группа №46_2(1)
c8fcdfd2f66ca8352e296a1b2050e1eb;4;Контрольный тест (Семестр 2 Лекция 1);98.57143;Группа №46(1)
c8fcdfd2f66ca8352e296a1b2050e1eb;3;Тест на лекции 3;100.00000;Группа №46_2(1)
c8fcdfd2f66ca8352e296a1b2050e1eb;5;M1 Контрольный тест (level 1) (1 и 2 попытка);8.90000;Группа №46(1)
c8fcdfd2f66ca8352e296a1b2050e1eb;4;Контрольный тест (Семестр 2 Лекция 1);98.57143;Группа №46_2(1)
c8fcdfd2f66ca8352e296a1b2050e1eb;5;M1 Контрольный тест (level 1) (1 и 2 попытка);8.90000;Группа №46_2(1)
3708c56cf4a55253536f298c79fd74bf;1;Тест к лекции 1;75.00000;Группа №46(1)
3708c56cf4a55253536f298c79fd74bf;2;Тест к лекции 2;95.00000;Группа №46(1)
3708c56cf4a55253536f298c79fd74bf;1;Тест к лекции 1;75.00000;Группа №46_2(1)
3708c56cf4a55253536f298c79fd74bf;2;Тест к лекции 2;95.00000;Группа №46_2(1)
3708c56cf4a55253536f298c79fd74bf;3;Тест на лекции 3;100.00000;Группа №46_2(1)
3708c56cf4a55253536f298c79fd74bf;3;Тест на лекции 3;100.00000;Группа №46(1)
3708c56cf4a55253536f298c79fd74bf;4;Контрольный тест (Семестр 2 Лекция 1);100.00000;Группа №46_2(1)
3708c56cf4a55253536f298c79fd74bf;4;Контрольный тест (Семестр 2 Лекция 1);100.00000;Группа №46(1)
3708c56cf4a55253536f298c79fd74bf;5;M1 Контрольный тест (level 1) (1 и 2 попытка);9.90000;Группа №46_2(1)
3708c56cf4a55253536f298c79fd74bf;5;M1 Контрольный тест (level 1) (1 и 2 попытка);9.90000;Группа №46(1)
e3af7e0f2798633dbecc96f1d73e2daa;1;Тест к лекции 1;100.00000;Группа №46(1)
e3af7e0f2798633dbecc96f1d73e2daa;2;Тест к лекции 2;100.00000;Группа №46(1)
e3af7e0f2798633dbecc96f1d73e2daa;1;Тест к лекции 1;100.00000;Группа №46_2(1)
e3af7e0f2798633dbecc96f1d73e2daa;3;Тест на лекции 3;100.00000;Группа №46(1)
e3af7e0f2798633dbecc96f1d73e2daa;2;Тест к лекции 2;100.00000;Группа №46_2(1)
e3af7e0f2798633dbecc96f1d73e2daa;4;Контрольный тест (Семестр 2 Лекция 1);97.14286;Группа №46(1)
e3af7e0f2798633dbecc96f1d73e2daa;3;Тест на лекции 3;100.00000;Группа №46_2(1)
e3af7e0f2798633dbecc96f1d73e2daa;5;M1 Контрольный тест (level 1) (1 и 2 попытка);7.80000;Группа №46(1)
e3af7e0f2798633dbecc96f1d73e2daa;4;Контрольный тест (Семестр 2 Лекция 1);97.14286;Группа №46_2(1)
e3af7e0f2798633dbecc96f1d73e2daa;5;M1 Контрольный тест (level 1) (1 и 2 попытка);7.80000;Группа №46_2(1)
ebc848c2ec14ff0974b9f4990f99de2b;2;Тест к лекции 2;100.00000;Группа №46_1(1)
ebc848c2ec14ff0974b9f4990f99de2b;5;M1 Контрольный тест (level 1) (1 и 2 попытка);8.90000;Группа №46(1)
ebc848c2ec14ff0974b9f4990f99de2b;3;Тест на лекции 3;100.00000;Группа №46_1(1)
ebc848c2ec14ff0974b9f4990f99de2b;4;Контрольный тест (Семестр 2 Лекция 1);98.57143;Группа №46_1(1)
ebc848c2ec14ff0974b9f4990f99de2b;5;M1 Контрольный тест (level 1) (1 и 2 попытка);8.90000;Группа №46_1(1)
ebc848c2ec14ff0974b9f4990f99de2b;1;Тест к лекции 1;100.00000;Группа №46(1)
ebc848c2ec14ff0974b9f4990f99de2b;2;Тест к лекции 2;100.00000;Группа №46(1)
ebc848c2ec14ff0974b9f4990f99de2b;3;Тест на лекции 3;100.00000;Группа №46(1)
ebc848c2ec14ff0974b9f4990f99de2b;1;Тест к лекции 1;100.00000;Группа №46_1(1)
ebc848c2ec14ff0974b9f4990f99de2b;4;Контрольный тест (Семестр 2 Лекция 1);98.57143;Группа №46(1)
acc3512fbd1503e7db7598e7deb9e34b;1;Тест к лекции 1;100.00000;Группа №46_1(1)
acc3512fbd1503e7db7598e7deb9e34b;2;Тест к лекции 2;93.33330;Группа №46_1(1)
acc3512fbd1503e7db7598e7deb9e34b;3;Тест на лекции 3;100.00000;Группа №46_1(1)
acc3512fbd1503e7db7598e7deb9e34b;4;Контрольный тест (Семестр 2 Лекция 1);71.42857;Группа №46_1(1)
acc3512fbd1503e7db7598e7deb9e34b;5;M1 Контрольный тест (level 1) (1 и 2 попытка);8.90000;Группа №46_1(1)
acc3512fbd1503e7db7598e7deb9e34b;1;Тест к лекции 1;100.00000;Группа №46(1)
acc3512fbd1503e7db7598e7deb9e34b;2;Тест к лекции 2;93.33330;Группа №46(1)
acc3512fbd1503e7db7598e7deb9e34b;3;Тест на лекции 3;100.00000;Группа №46(1)
acc3512fbd1503e7db7598e7deb9e34b;4;Контрольный тест (Семестр 2 Лекция 1);71.42857;Группа №46(1)
acc3512fbd1503e7db7598e7deb9e34b;5;M1 Контрольный тест (level 1) (1 и 2 попытка);8.90000;Группа №46(1)
acb1c05bcf0b9faad718ac865bada9e2;1;Тест к лекции 1;83.33325;Группа №46_1(1)
acb1c05bcf0b9faad718ac865bada9e2;2;Тест к лекции 2;78.00000;Группа №46_1(1)
acb1c05bcf0b9faad718ac865bada9e2;4;Контрольный тест (Семестр 2 Лекция 1);92.85714;Группа №46_1(1)
acb1c05bcf0b9faad718ac865bada9e2;5;M1 Контрольный тест (level 1) (1 и 2 попытка);8.80000;Группа №46_1(1)
acb1c05bcf0b9faad718ac865bada9e2;1;Тест к лекции 1;83.33325;Группа №46(1)
acb1c05bcf0b9faad718ac865bada9e2;2;Тест к лекции 2;78.00000;Группа №46(1)
acb1c05bcf0b9faad718ac865bada9e2;4;Контрольный тест (Семестр 2 Лекция 1);92.85714;Группа №46(1)
acb1c05bcf0b9faad718ac865bada9e2;5;M1 Контрольный тест (level 1) (1 и 2 попытка);8.80000;Группа №46(1)
3cd1e616c2bb8c89ec6c92029030dc34;1;Тест к лекции 1;100.00000;Группа №46_2(1)
3cd1e616c2bb8c89ec6c92029030dc34;2;Тест к лекции 2;92.50000;Группа №46_2(1)
3cd1e616c2bb8c89ec6c92029030dc34;3;Тест на лекции 3;100.00000;Группа №46_2(1)
3cd1e616c2bb8c89ec6c92029030dc34;4;Контрольный тест (Семестр 2 Лекция 1);70.00000;Группа №46_2(1)
3cd1e616c2bb8c89ec6c92029030dc34;5;M1 Контрольный тест (level 1) (1 и 2 попытка);9.20000;Группа №46_2(1)
3cd1e616c2bb8c89ec6c92029030dc34;1;Тест к лекции 1;100.00000;Группа №46(1)
3cd1e616c2bb8c89ec6c92029030dc34;2;Тест к лекции 2;92.50000;Группа №46(1)
3cd1e616c2bb8c89ec6c92029030dc34;3;Тест на лекции 3;100.00000;Группа №46(1)
3cd1e616c2bb8c89ec6c92029030dc34;4;Контрольный тест (Семестр 2 Лекция 1);70.00000;Группа №46(1)
3cd1e616c2bb8c89ec6c92029030dc34;5;M1 Контрольный тест (level 1) (1 и 2 попытка);9.20000;Группа №46(1)
ae43a2fa664a9d254a7b04cdbd31d8ae;1;Тест к лекции 1;100.00000;Группа №46_1(1)
ae43a2fa664a9d254a7b04cdbd31d8ae;2;Тест к лекции 2;82.50000;Группа №46_1(1)
ae43a2fa664a9d254a7b04cdbd31d8ae;1;Тест к лекции 1;100.00000;Группа №46(1)
ae43a2fa664a9d254a7b04cdbd31d8ae;3;Тест на лекции 3;100.00000;Группа №46_1(1)
ae43a2fa664a9d254a7b04cdbd31d8ae;2;Тест к лекции 2;82.50000;Группа №46(1)
ae43a2fa664a9d254a7b04cdbd31d8ae;4;Контрольный тест (Семестр 2 Лекция 1);80.00000;Группа №46_1(1)
ae43a2fa664a9d254a7b04cdbd31d8ae;3;Тест на лекции 3;100.00000;Группа №46(1)
ae43a2fa664a9d254a7b04cdbd31d8ae;5;M1 Контрольный тест (level 1) (1 и 2 попытка);8.70000;Группа №46_1(1)
ae43a2fa664a9d254a7b04cdbd31d8ae;4;Контрольный тест (Семестр 2 Лекция 1);80.00000;Группа №46(1)
ae43a2fa664a9d254a7b04cdbd31d8ae;5;M1 Контрольный тест (level 1) (1 и 2 попытка);8.70000;Группа №46(1)
806fef9ab77dfcc0c4cde63b05d4e322;5;M1 Контрольный тест (level 1) (1 и 2 попытка);8.90000;Группа №46_2(1)
806fef9ab77dfcc0c4cde63b05d4e322;3;Тест на лекции 3;100.00000;Группа №46(1)
806fef9ab77dfcc0c4cde63b05d4e322;4;Контрольный тест (Семестр 2 Лекция 1);71.42857;Группа №46(1)
806fef9ab77dfcc0c4cde63b05d4e322;5;M1 Контрольный тест (level 1) (1 и 2 попытка);8.90000;Группа №46(1)
806fef9ab77dfcc0c4cde63b05d4e322;1;Тест к лекции 1;100.00000;Группа №46_2(1)
806fef9ab77dfcc0c4cde63b05d4e322;2;Тест к лекции 2;100.00000;Группа №46_2(1)
806fef9ab77dfcc0c4cde63b05d4e322;3;Тест на лекции 3;100.00000;Группа №46_2(1)
806fef9ab77dfcc0c4cde63b05d4e322;1;Тест к лекции 1;100.00000;Группа №46(1)
806fef9ab77dfcc0c4cde63b05d4e322;4;Контрольный тест (Семестр 2 Лекция 1);71.42857;Группа №46_2(1)
806fef9ab77dfcc0c4cde63b05d4e322;2;Тест к лекции 2;100.00000;Группа №46(1)
585982b55da8559b9990aae21d3cb86b;3;Тест на лекции 3;100.00000;Группа №46_1(1)
585982b55da8559b9990aae21d3cb86b;4;Контрольный тест (Семестр 2 Лекция 1);92.85714;Группа №46_1(1)
585982b55da8559b9990aae21d3cb86b;5;M1 Контрольный тест (level 1) (1 и 2 попытка);8.90000;Группа №46_1(1)
585982b55da8559b9990aae21d3cb86b;1;Тест к лекции 1;100.00000;Группа №46(1)
585982b55da8559b9990aae21d3cb86b;2;Тест к лекции 2;100.00000;Группа №46(1)
585982b55da8559b9990aae21d3cb86b;3;Тест на лекции 3;100.00000;Группа №46(1)
585982b55da8559b9990aae21d3cb86b;4;Контрольный тест (Семестр 2 Лекция 1);92.85714;Группа №46(1)
585982b55da8559b9990aae21d3cb86b;5;M1 Контрольный тест (level 1) (1 и 2 попытка);8.90000;Группа №46(1)
585982b55da8559b9990aae21d3cb86b;1;Тест к лекции 1;100.00000;Группа №46_1(1)
585982b55da8559b9990aae21d3cb86b;2;Тест к лекции 2;100.00000;Группа №46_1(1)
45faa974909389674f2afebeca046709;5;M1 Контрольный тест (level 1) (1 и 2 попытка);8.60000;Группа №46_2(1)
45faa974909389674f2afebeca046709;1;Тест к лекции 1;100.00000;Группа №46(1)
45faa974909389674f2afebeca046709;2;Тест к лекции 2;95.00000;Группа №46(1)
45faa974909389674f2afebeca046709;3;Тест на лекции 3;100.00000;Группа №46(1)
45faa974909389674f2afebeca046709;4;Контрольный тест (Семестр 2 Лекция 1);98.57143;Группа №46(1)
45faa974909389674f2afebeca046709;5;M1 Контрольный тест (level 1) (1 и 2 попытка);8.60000;Группа №46(1)
45faa974909389674f2afebeca046709;1;Тест к лекции 1;100.00000;Группа №46_2(1)
45faa974909389674f2afebeca046709;2;Тест к лекции 2;95.00000;Группа №46_2(1)
45faa974909389674f2afebeca046709;3;Тест на лекции 3;100.00000;Группа №46_2(1)
45faa974909389674f2afebeca046709;4;Контрольный тест (Семестр 2 Лекция 1);98.57143;Группа №46_2(1)
0867948ae5eda518f71c4a15ddf99f8a;2;Тест к лекции 2;76.33330;Группа №46(1)
0867948ae5eda518f71c4a15ddf99f8a;3;Тест на лекции 3;100.00000;Группа №46(1)
0867948ae5eda518f71c4a15ddf99f8a;4;Контрольный тест (Семестр 2 Лекция 1);64.28571;Группа №46(1)
0867948ae5eda518f71c4a15ddf99f8a;5;M1 Контрольный тест (level 1) (1 и 2 попытка);8.90000;Группа №46(1)
0867948ae5eda518f71c4a15ddf99f8a;1;Тест к лекции 1;79.16675;Группа №46_1(1)
0867948ae5eda518f71c4a15ddf99f8a;2;Тест к лекции 2;76.33330;Группа №46_1(1)
0867948ae5eda518f71c4a15ddf99f8a;3;Тест на лекции 3;100.00000;Группа №46_1(1)
0867948ae5eda518f71c4a15ddf99f8a;4;Контрольный тест (Семестр 2 Лекция 1);64.28571;Группа №46_1(1)
0867948ae5eda518f71c4a15ddf99f8a;5;M1 Контрольный тест (level 1) (1 и 2 попытка);8.90000;Группа №46_1(1)
0867948ae5eda518f71c4a15ddf99f8a;1;Тест к лекции 1;79.16675;Группа №46(1)
efd95cef0089aa30c93ad4811487d55f;2;Тест к лекции 2;85.00000;Группа №46_1(1)
efd95cef0089aa30c93ad4811487d55f;2;Тест к лекции 2;85.00000;Группа №46(1)
9c4343b4dbfa57e5fce566eb924dc123;1;Тест к лекции 1;100.00000;Группа №46(1)
9c4343b4dbfa57e5fce566eb924dc123;2;Тест к лекции 2;88.33330;Группа №46(1)
9c4343b4dbfa57e5fce566eb924dc123;4;Контрольный тест (Семестр 2 Лекция 1);28.57143;Группа №46(1)
9c4343b4dbfa57e5fce566eb924dc123;1;Тест к лекции 1;100.00000;Группа №46_2(1)
9c4343b4dbfa57e5fce566eb924dc123;2;Тест к лекции 2;88.33330;Группа №46_2(1)
9c4343b4dbfa57e5fce566eb924dc123;4;Контрольный тест (Семестр 2 Лекция 1);28.57143;Группа №46_2(1)
fc5a3066872e7c39dfb8c20394523559;2;Тест к лекции 2;100.00000;Группа №46(1)
fc5a3066872e7c39dfb8c20394523559;3;Тест на лекции 3;100.00000;Группа №46(1)
fc5a3066872e7c39dfb8c20394523559;4;Контрольный тест (Семестр 2 Лекция 1);92.85714;Группа №46(1)
fc5a3066872e7c39dfb8c20394523559;5;M1 Контрольный тест (level 1) (1 и 2 попытка);8.80000;Группа №46(1)
fc5a3066872e7c39dfb8c20394523559;1;Тест к лекции 1;100.00000;Группа №46_2(1)
fc5a3066872e7c39dfb8c20394523559;2;Тест к лекции 2;100.00000;Группа №46_2(1)
fc5a3066872e7c39dfb8c20394523559;3;Тест на лекции 3;100.00000;Группа №46_2(1)
fc5a3066872e7c39dfb8c20394523559;4;Контрольный тест (Семестр 2 Лекция 1);92.85714;Группа №46_2(1)
fc5a3066872e7c39dfb8c20394523559;5;M1 Контрольный тест (level 1) (1 и 2 попытка);8.80000;Группа №46_2(1)
fc5a3066872e7c39dfb8c20394523559;1;Тест к лекции 1;100.00000;Группа №46(1)
942a596a905905acf146f191ffcfe943;1;Тест к лекции 1;100.00000;Группа №46_1(1)
942a596a905905acf146f191ffcfe943;2;Тест к лекции 2;82.50000;Группа №46_1(1)
942a596a905905acf146f191ffcfe943;3;Тест на лекции 3;6.66660;Группа №46_1(1)
942a596a905905acf146f191ffcfe943;4;Контрольный тест (Семестр 2 Лекция 1);82.85714;Группа №46_1(1)
942a596a905905acf146f191ffcfe943;5;M1 Контрольный тест (level 1) (1 и 2 попытка);8.90000;Группа №46_1(1)
942a596a905905acf146f191ffcfe943;1;Тест к лекции 1;100.00000;Группа №46(1)
942a596a905905acf146f191ffcfe943;2;Тест к лекции 2;82.50000;Группа №46(1)
942a596a905905acf146f191ffcfe943;3;Тест на лекции 3;6.66660;Группа №46(1)
942a596a905905acf146f191ffcfe943;4;Контрольный тест (Семестр 2 Лекция 1);82.85714;Группа №46(1)
942a596a905905acf146f191ffcfe943;5;M1 Контрольный тест (level 1) (1 и 2 попытка);8.90000;Группа №46(1)
5c0c84888d4aca8cd9cda26c8f7c0e12;3;Тест на лекции 3;73.33340;Группа №47(1)
5c0c84888d4aca8cd9cda26c8f7c0e12;5;M1 Контрольный тест (level 1) (1 и 2 попытка);7.80000;Группа №47(1)
5c0c84888d4aca8cd9cda26c8f7c0e12;1;Тест к лекции 1;100.00000;Группа №47_2(1)
5c0c84888d4aca8cd9cda26c8f7c0e12;2;Тест к лекции 2;90.00000;Группа №47_2(1)
5c0c84888d4aca8cd9cda26c8f7c0e12;3;Тест на лекции 3;73.33340;Группа №47_2(1)
5c0c84888d4aca8cd9cda26c8f7c0e12;5;M1 Контрольный тест (level 1) (1 и 2 попытка);7.80000;Группа №47_2(1)
5c0c84888d4aca8cd9cda26c8f7c0e12;1;Тест к лекции 1;100.00000;Группа №47(1)
5c0c84888d4aca8cd9cda26c8f7c0e12;2;Тест к лекции 2;90.00000;Группа №47(1)
e28177c2f2242ec61b16ebefef9f316a;1;Тест к лекции 1;91.66675;Группа №47_1(1)
e28177c2f2242ec61b16ebefef9f316a;2;Тест к лекции 2;90.00000;Группа №47_1(1)
e28177c2f2242ec61b16ebefef9f316a;3;Тест на лекции 3;100.00000;Группа №47_1(1)
e28177c2f2242ec61b16ebefef9f316a;4;Контрольный тест (Семестр 2 Лекция 1);71.42857;Группа №47_1(1)
e28177c2f2242ec61b16ebefef9f316a;1;Тест к лекции 1;91.66675;Группа №47(1)
e28177c2f2242ec61b16ebefef9f316a;5;M1 Контрольный тест (level 1) (1 и 2 попытка);8.00000;Группа №47_1(1)
e28177c2f2242ec61b16ebefef9f316a;2;Тест к лекции 2;90.00000;Группа №47(1)
e28177c2f2242ec61b16ebefef9f316a;3;Тест на лекции 3;100.00000;Группа №47(1)
e28177c2f2242ec61b16ebefef9f316a;4;Контрольный тест (Семестр 2 Лекция 1);71.42857;Группа №47(1)
e28177c2f2242ec61b16ebefef9f316a;5;M1 Контрольный тест (level 1) (1 и 2 попытка);8.00000;Группа №47(1)
86fd8f18297aa18a71efbd78d73be682;5;M1 Контрольный тест (level 1) (1 и 2 попытка);8.00000;Группа №47(1)
86fd8f18297aa18a71efbd78d73be682;1;Тест к лекции 1;75.00000;Группа №47_1(1)
86fd8f18297aa18a71efbd78d73be682;2;Тест к лекции 2;89.00000;Группа №47_1(1)
86fd8f18297aa18a71efbd78d73be682;3;Тест на лекции 3;100.00000;Группа №47_1(1)
86fd8f18297aa18a71efbd78d73be682;4;Контрольный тест (Семестр 2 Лекция 1);100.00000;Группа №47_1(1)
86fd8f18297aa18a71efbd78d73be682;1;Тест к лекции 1;75.00000;Группа №47(1)
86fd8f18297aa18a71efbd78d73be682;5;M1 Контрольный тест (level 1) (1 и 2 попытка);8.00000;Группа №47_1(1)
86fd8f18297aa18a71efbd78d73be682;2;Тест к лекции 2;89.00000;Группа №47(1)
86fd8f18297aa18a71efbd78d73be682;3;Тест на лекции 3;100.00000;Группа №47(1)
86fd8f18297aa18a71efbd78d73be682;4;Контрольный тест (Семестр 2 Лекция 1);100.00000;Группа №47(1)
ce68e99192e5e61189765c1881f9f05a;4;Контрольный тест (Семестр 2 Лекция 1);85.71429;Группа №47_1(1)
ce68e99192e5e61189765c1881f9f05a;5;M1 Контрольный тест (level 1) (1 и 2 попытка);6.50000;Группа №47_1(1)
ce68e99192e5e61189765c1881f9f05a;1;Тест к лекции 1;100.00000;Группа №47(1)
ce68e99192e5e61189765c1881f9f05a;2;Тест к лекции 2;100.00000;Группа №47(1)
ce68e99192e5e61189765c1881f9f05a;3;Тест на лекции 3;100.00000;Группа №47(1)
ce68e99192e5e61189765c1881f9f05a;4;Контрольный тест (Семестр 2 Лекция 1);85.71429;Группа №47(1)
ce68e99192e5e61189765c1881f9f05a;5;M1 Контрольный тест (level 1) (1 и 2 попытка);6.50000;Группа №47(1)
ce68e99192e5e61189765c1881f9f05a;1;Тест к лекции 1;100.00000;Группа №47_1(1)
ce68e99192e5e61189765c1881f9f05a;2;Тест к лекции 2;100.00000;Группа №47_1(1)
ce68e99192e5e61189765c1881f9f05a;3;Тест на лекции 3;100.00000;Группа №47_1(1)
e8e1f2614a915502832c65615c9b2985;1;Тест к лекции 1;79.16675;Группа №47(1)
e8e1f2614a915502832c65615c9b2985;1;Тест к лекции 1;79.16675;Группа №47_1(1)
e8e1f2614a915502832c65615c9b2985;2;Тест к лекции 2;90.00000;Группа №47(1)
e8e1f2614a915502832c65615c9b2985;2;Тест к лекции 2;90.00000;Группа №47_1(1)
e8e1f2614a915502832c65615c9b2985;3;Тест на лекции 3;100.00000;Группа №47(1)
e8e1f2614a915502832c65615c9b2985;3;Тест на лекции 3;100.00000;Группа №47_1(1)
e8e1f2614a915502832c65615c9b2985;4;Контрольный тест (Семестр 2 Лекция 1);85.71429;Группа №47(1)
e8e1f2614a915502832c65615c9b2985;4;Контрольный тест (Семестр 2 Лекция 1);85.71429;Группа №47_1(1)
e8e1f2614a915502832c65615c9b2985;5;M1 Контрольный тест (level 1) (1 и 2 попытка);9.00000;Группа №47(1)
e8e1f2614a915502832c65615c9b2985;5;M1 Контрольный тест (level 1) (1 и 2 попытка);9.00000;Группа №47_1(1)
9516a006afb240486f114099a4fedcde;1;Тест к лекции 1;100.00000;Группа №47(1)
9516a006afb240486f114099a4fedcde;2;Тест к лекции 2;95.00000;Группа №47(1)
9516a006afb240486f114099a4fedcde;3;Тест на лекции 3;80.00000;Группа №47(1)
9516a006afb240486f114099a4fedcde;1;Тест к лекции 1;100.00000;Группа №47_1(1)
9516a006afb240486f114099a4fedcde;4;Контрольный тест (Семестр 2 Лекция 1);78.57143;Группа №47(1)
9516a006afb240486f114099a4fedcde;2;Тест к лекции 2;95.00000;Группа №47_1(1)
9516a006afb240486f114099a4fedcde;5;M1 Контрольный тест (level 1) (1 и 2 попытка);9.40000;Группа №47(1)
9516a006afb240486f114099a4fedcde;3;Тест на лекции 3;80.00000;Группа №47_1(1)
9516a006afb240486f114099a4fedcde;4;Контрольный тест (Семестр 2 Лекция 1);78.57143;Группа №47_1(1)
9516a006afb240486f114099a4fedcde;5;M1 Контрольный тест (level 1) (1 и 2 попытка);9.40000;Группа №47_1(1)
b370d00c59d62d1220914f31a0de94a6;5;M1 Контрольный тест (level 1) (1 и 2 попытка);8.60000;Группа №47(1)
b370d00c59d62d1220914f31a0de94a6;3;Тест на лекции 3;100.00000;Группа №47_1(1)
b370d00c59d62d1220914f31a0de94a6;4;Контрольный тест (Семестр 2 Лекция 1);52.85714;Группа №47_1(1)
b370d00c59d62d1220914f31a0de94a6;5;M1 Контрольный тест (level 1) (1 и 2 попытка);8.60000;Группа №47_1(1)
b370d00c59d62d1220914f31a0de94a6;1;Тест к лекции 1;79.16675;Группа №47(1)
b370d00c59d62d1220914f31a0de94a6;2;Тест к лекции 2;85.00000;Группа №47(1)
b370d00c59d62d1220914f31a0de94a6;3;Тест на лекции 3;100.00000;Группа №47(1)
b370d00c59d62d1220914f31a0de94a6;1;Тест к лекции 1;79.16675;Группа №47_1(1)
b370d00c59d62d1220914f31a0de94a6;4;Контрольный тест (Семестр 2 Лекция 1);52.85714;Группа №47(1)
b370d00c59d62d1220914f31a0de94a6;2;Тест к лекции 2;85.00000;Группа №47_1(1)
e959abfbdcd5a8de04530479ec2b004c;2;Тест к лекции 2;80.00000;Группа №47_1(1)
e959abfbdcd5a8de04530479ec2b004c;3;Тест на лекции 3;100.00000;Группа №47_1(1)
e959abfbdcd5a8de04530479ec2b004c;1;Тест к лекции 1;100.00000;Группа №47(1)
e959abfbdcd5a8de04530479ec2b004c;4;Контрольный тест (Семестр 2 Лекция 1);85.71429;Группа №47_1(1)
e959abfbdcd5a8de04530479ec2b004c;2;Тест к лекции 2;80.00000;Группа №47(1)
e959abfbdcd5a8de04530479ec2b004c;5;M1 Контрольный тест (level 1) (1 и 2 попытка);8.30000;Группа №47_1(1)
e959abfbdcd5a8de04530479ec2b004c;3;Тест на лекции 3;100.00000;Группа №47(1)
e959abfbdcd5a8de04530479ec2b004c;4;Контрольный тест (Семестр 2 Лекция 1);85.71429;Группа №47(1)
e959abfbdcd5a8de04530479ec2b004c;5;M1 Контрольный тест (level 1) (1 и 2 попытка);8.30000;Группа №47(1)
e959abfbdcd5a8de04530479ec2b004c;1;Тест к лекции 1;100.00000;Группа №47_1(1)
ba3db8693c93bd372a890938a8018d4c;3;Тест на лекции 3;100.00000;Группа №47_1(1)
ba3db8693c93bd372a890938a8018d4c;4;Контрольный тест (Семестр 2 Лекция 1);92.85714;Группа №47_1(1)
ba3db8693c93bd372a890938a8018d4c;5;M1 Контрольный тест (level 1) (1 и 2 попытка);7.80000;Группа №47_1(1)
ba3db8693c93bd372a890938a8018d4c;1;Тест к лекции 1;100.00000;Группа №47(1)
ba3db8693c93bd372a890938a8018d4c;2;Тест к лекции 2;100.00000;Группа №47(1)
ba3db8693c93bd372a890938a8018d4c;3;Тест на лекции 3;100.00000;Группа №47(1)
ba3db8693c93bd372a890938a8018d4c;4;Контрольный тест (Семестр 2 Лекция 1);92.85714;Группа №47(1)
ba3db8693c93bd372a890938a8018d4c;5;M1 Контрольный тест (level 1) (1 и 2 попытка);7.80000;Группа №47(1)
ba3db8693c93bd372a890938a8018d4c;1;Тест к лекции 1;100.00000;Группа №47_1(1)
ba3db8693c93bd372a890938a8018d4c;2;Тест к лекции 2;100.00000;Группа №47_1(1)
c9879170d1f7a698638f46ed7059c636;1;Тест к лекции 1;100.00000;Группа №47_1(1)
c9879170d1f7a698638f46ed7059c636;2;Тест к лекции 2;90.00000;Группа №47_1(1)
c9879170d1f7a698638f46ed7059c636;3;Тест на лекции 3;93.33340;Группа №47_1(1)
c9879170d1f7a698638f46ed7059c636;4;Контрольный тест (Семестр 2 Лекция 1);100.00000;Группа №47_1(1)
c9879170d1f7a698638f46ed7059c636;1;Тест к лекции 1;100.00000;Группа №47(1)
c9879170d1f7a698638f46ed7059c636;5;M1 Контрольный тест (level 1) (1 и 2 попытка);7.70000;Группа №47_1(1)
c9879170d1f7a698638f46ed7059c636;2;Тест к лекции 2;90.00000;Группа №47(1)
c9879170d1f7a698638f46ed7059c636;3;Тест на лекции 3;93.33340;Группа №47(1)
c9879170d1f7a698638f46ed7059c636;4;Контрольный тест (Семестр 2 Лекция 1);100.00000;Группа №47(1)
c9879170d1f7a698638f46ed7059c636;5;M1 Контрольный тест (level 1) (1 и 2 попытка);7.70000;Группа №47(1)
d5eee2ef43fce7fa55e5aca3cdf13593;1;Тест к лекции 1;75.00000;Группа №47_1(1)
d5eee2ef43fce7fa55e5aca3cdf13593;2;Тест к лекции 2;100.00000;Группа №47_1(1)
d5eee2ef43fce7fa55e5aca3cdf13593;4;Контрольный тест (Семестр 2 Лекция 1);85.71429;Группа №47_1(1)
d5eee2ef43fce7fa55e5aca3cdf13593;5;M1 Контрольный тест (level 1) (1 и 2 попытка);8.70000;Группа №47_1(1)
d5eee2ef43fce7fa55e5aca3cdf13593;1;Тест к лекции 1;75.00000;Группа №47(1)
d5eee2ef43fce7fa55e5aca3cdf13593;2;Тест к лекции 2;100.00000;Группа №47(1)
d5eee2ef43fce7fa55e5aca3cdf13593;4;Контрольный тест (Семестр 2 Лекция 1);85.71429;Группа №47(1)
d5eee2ef43fce7fa55e5aca3cdf13593;5;M1 Контрольный тест (level 1) (1 и 2 попытка);8.70000;Группа №47(1)
bfc5a768be425fbde8183f2d4dbf02fb;1;Тест к лекции 1;100.00000;Группа №47_1(1)
bfc5a768be425fbde8183f2d4dbf02fb;2;Тест к лекции 2;93.33330;Группа №47_1(1)
bfc5a768be425fbde8183f2d4dbf02fb;3;Тест на лекции 3;93.33340;Группа №47_1(1)
bfc5a768be425fbde8183f2d4dbf02fb;4;Контрольный тест (Семестр 2 Лекция 1);100.00000;Группа №47_1(1)
bfc5a768be425fbde8183f2d4dbf02fb;5;M1 Контрольный тест (level 1) (1 и 2 попытка);7.90000;Группа №47_1(1)
bfc5a768be425fbde8183f2d4dbf02fb;1;Тест к лекции 1;100.00000;Группа №47(1)
bfc5a768be425fbde8183f2d4dbf02fb;2;Тест к лекции 2;93.33330;Группа №47(1)
bfc5a768be425fbde8183f2d4dbf02fb;3;Тест на лекции 3;93.33340;Группа №47(1)
bfc5a768be425fbde8183f2d4dbf02fb;4;Контрольный тест (Семестр 2 Лекция 1);100.00000;Группа №47(1)
bfc5a768be425fbde8183f2d4dbf02fb;5;M1 Контрольный тест (level 1) (1 и 2 попытка);7.90000;Группа №47(1)
ed4b4b522223081aaccd305799c25a45;1;Тест к лекции 1;91.66675;Группа №47(1)
ed4b4b522223081aaccd305799c25a45;2;Тест к лекции 2;100.00000;Группа №47(1)
ed4b4b522223081aaccd305799c25a45;1;Тест к лекции 1;91.66675;Группа №47_1(1)
ed4b4b522223081aaccd305799c25a45;3;Тест на лекции 3;100.00000;Группа №47(1)
ed4b4b522223081aaccd305799c25a45;2;Тест к лекции 2;100.00000;Группа №47_1(1)
ed4b4b522223081aaccd305799c25a45;4;Контрольный тест (Семестр 2 Лекция 1);85.71429;Группа №47(1)
ed4b4b522223081aaccd305799c25a45;3;Тест на лекции 3;100.00000;Группа №47_1(1)
ed4b4b522223081aaccd305799c25a45;5;M1 Контрольный тест (level 1) (1 и 2 попытка);8.90000;Группа №47(1)
ed4b4b522223081aaccd305799c25a45;4;Контрольный тест (Семестр 2 Лекция 1);85.71429;Группа №47_1(1)
ed4b4b522223081aaccd305799c25a45;5;M1 Контрольный тест (level 1) (1 и 2 попытка);8.90000;Группа №47_1(1)
980c8b43c6847e522f780bc7e0c2dba6;1;Тест к лекции 1;100.00000;Группа №47(1)
980c8b43c6847e522f780bc7e0c2dba6;2;Тест к лекции 2;100.00000;Группа №47(1)
980c8b43c6847e522f780bc7e0c2dba6;1;Тест к лекции 1;100.00000;Группа №47_1(1)
980c8b43c6847e522f780bc7e0c2dba6;3;Тест на лекции 3;100.00000;Группа №47(1)
980c8b43c6847e522f780bc7e0c2dba6;2;Тест к лекции 2;100.00000;Группа №47_1(1)
980c8b43c6847e522f780bc7e0c2dba6;4;Контрольный тест (Семестр 2 Лекция 1);100.00000;Группа №47(1)
980c8b43c6847e522f780bc7e0c2dba6;3;Тест на лекции 3;100.00000;Группа №47_1(1)
980c8b43c6847e522f780bc7e0c2dba6;5;M1 Контрольный тест (level 1) (1 и 2 попытка);8.80000;Группа №47(1)
980c8b43c6847e522f780bc7e0c2dba6;4;Контрольный тест (Семестр 2 Лекция 1);100.00000;Группа №47_1(1)
980c8b43c6847e522f780bc7e0c2dba6;5;M1 Контрольный тест (level 1) (1 и 2 попытка);8.80000;Группа №47_1(1)
e6112fafc3e34431c352307b8d1934bf;1;Тест к лекции 1;100.00000;Группа №47(1)
e6112fafc3e34431c352307b8d1934bf;1;Тест к лекции 1;100.00000;Группа №47_2(1)
e6112fafc3e34431c352307b8d1934bf;2;Тест к лекции 2;70.00000;Группа №47(1)
e6112fafc3e34431c352307b8d1934bf;2;Тест к лекции 2;70.00000;Группа №47_2(1)
e6112fafc3e34431c352307b8d1934bf;3;Тест на лекции 3;100.00000;Группа №47(1)
e6112fafc3e34431c352307b8d1934bf;3;Тест на лекции 3;100.00000;Группа №47_2(1)
e6112fafc3e34431c352307b8d1934bf;4;Контрольный тест (Семестр 2 Лекция 1);85.71429;Группа №47(1)
e6112fafc3e34431c352307b8d1934bf;4;Контрольный тест (Семестр 2 Лекция 1);85.71429;Группа №47_2(1)
e6112fafc3e34431c352307b8d1934bf;5;M1 Контрольный тест (level 1) (1 и 2 попытка);8.90000;Группа №47(1)
e6112fafc3e34431c352307b8d1934bf;5;M1 Контрольный тест (level 1) (1 и 2 попытка);8.90000;Группа №47_2(1)
8e3c19b97b91ed2c662a90f6803b841a;1;Тест к лекции 1;79.16675;Группа №47_2(1)
8e3c19b97b91ed2c662a90f6803b841a;4;Контрольный тест (Семестр 2 Лекция 1);85.71429;Группа №47(1)
8e3c19b97b91ed2c662a90f6803b841a;2;Тест к лекции 2;90.00000;Группа №47_2(1)
8e3c19b97b91ed2c662a90f6803b841a;5;M1 Контрольный тест (level 1) (1 и 2 попытка);9.00000;Группа №47(1)
8e3c19b97b91ed2c662a90f6803b841a;3;Тест на лекции 3;100.00000;Группа №47_2(1)
8e3c19b97b91ed2c662a90f6803b841a;4;Контрольный тест (Семестр 2 Лекция 1);85.71429;Группа №47_2(1)
8e3c19b97b91ed2c662a90f6803b841a;5;M1 Контрольный тест (level 1) (1 и 2 попытка);9.00000;Группа №47_2(1)
8e3c19b97b91ed2c662a90f6803b841a;1;Тест к лекции 1;79.16675;Группа №47(1)
8e3c19b97b91ed2c662a90f6803b841a;2;Тест к лекции 2;90.00000;Группа №47(1)
8e3c19b97b91ed2c662a90f6803b841a;3;Тест на лекции 3;100.00000;Группа №47(1)
f1a646a31e7990a2109f982f629f86d7;4;Контрольный тест (Семестр 2 Лекция 1);85.71429;Группа №47(1)
f1a646a31e7990a2109f982f629f86d7;5;M1 Контрольный тест (level 1) (1 и 2 попытка);10.00000;Группа №47(1)
f1a646a31e7990a2109f982f629f86d7;1;Тест к лекции 1;100.00000;Группа №47_2(1)
f1a646a31e7990a2109f982f629f86d7;2;Тест к лекции 2;100.00000;Группа №47_2(1)
f1a646a31e7990a2109f982f629f86d7;3;Тест на лекции 3;100.00000;Группа №47_2(1)
f1a646a31e7990a2109f982f629f86d7;4;Контрольный тест (Семестр 2 Лекция 1);85.71429;Группа №47_2(1)
f1a646a31e7990a2109f982f629f86d7;5;M1 Контрольный тест (level 1) (1 и 2 попытка);10.00000;Группа №47_2(1)
f1a646a31e7990a2109f982f629f86d7;1;Тест к лекции 1;100.00000;Группа №47(1)
f1a646a31e7990a2109f982f629f86d7;2;Тест к лекции 2;100.00000;Группа №47(1)
f1a646a31e7990a2109f982f629f86d7;3;Тест на лекции 3;100.00000;Группа №47(1)
d5df949d303a4e422727973216a885ef;1;Тест к лекции 1;79.16675;Группа №47(1)
d5df949d303a4e422727973216a885ef;1;Тест к лекции 1;79.16675;Группа №47_2(1)
d5df949d303a4e422727973216a885ef;2;Тест к лекции 2;100.00000;Группа №47(1)
d5df949d303a4e422727973216a885ef;2;Тест к лекции 2;100.00000;Группа №47_2(1)
d5df949d303a4e422727973216a885ef;3;Тест на лекции 3;100.00000;Группа №47(1)
d5df949d303a4e422727973216a885ef;4;Контрольный тест (Семестр 2 Лекция 1);71.42857;Группа №47(1)
d5df949d303a4e422727973216a885ef;3;Тест на лекции 3;100.00000;Группа №47_2(1)
d5df949d303a4e422727973216a885ef;5;M1 Контрольный тест (level 1) (1 и 2 попытка);8.90000;Группа №47(1)
d5df949d303a4e422727973216a885ef;4;Контрольный тест (Семестр 2 Лекция 1);71.42857;Группа №47_2(1)
d5df949d303a4e422727973216a885ef;5;M1 Контрольный тест (level 1) (1 и 2 попытка);8.90000;Группа №47_2(1)
9e63fcb98a65b5b0e4dae07f25cc4bda;1;Тест к лекции 1;100.00000;Группа №47(1)
9e63fcb98a65b5b0e4dae07f25cc4bda;1;Тест к лекции 1;100.00000;Группа №47_2(1)
9e63fcb98a65b5b0e4dae07f25cc4bda;2;Тест к лекции 2;100.00000;Группа №47_2(1)
9e63fcb98a65b5b0e4dae07f25cc4bda;2;Тест к лекции 2;100.00000;Группа №47(1)
9e63fcb98a65b5b0e4dae07f25cc4bda;3;Тест на лекции 3;100.00000;Группа №47_2(1)
9e63fcb98a65b5b0e4dae07f25cc4bda;3;Тест на лекции 3;100.00000;Группа №47(1)
9e63fcb98a65b5b0e4dae07f25cc4bda;4;Контрольный тест (Семестр 2 Лекция 1);98.57143;Группа №47_2(1)
9e63fcb98a65b5b0e4dae07f25cc4bda;4;Контрольный тест (Семестр 2 Лекция 1);98.57143;Группа №47(1)
9e63fcb98a65b5b0e4dae07f25cc4bda;5;M1 Контрольный тест (level 1) (1 и 2 попытка);9.00000;Группа №47_2(1)
9e63fcb98a65b5b0e4dae07f25cc4bda;5;M1 Контрольный тест (level 1) (1 и 2 попытка);9.00000;Группа №47(1)
4b855e0e246dc8ad2a00d29acbf762bf;1;Тест к лекции 1;75.00000;Группа №47(1)
4b855e0e246dc8ad2a00d29acbf762bf;2;Тест к лекции 2;90.00000;Группа №47(1)
4b855e0e246dc8ad2a00d29acbf762bf;4;Контрольный тест (Семестр 2 Лекция 1);80.00000;Группа №47(1)
4b855e0e246dc8ad2a00d29acbf762bf;5;M1 Контрольный тест (level 1) (1 и 2 попытка);7.50000;Группа №47(1)
4b855e0e246dc8ad2a00d29acbf762bf;1;Тест к лекции 1;75.00000;Группа №47_2(1)
4b855e0e246dc8ad2a00d29acbf762bf;2;Тест к лекции 2;90.00000;Группа №47_2(1)
4b855e0e246dc8ad2a00d29acbf762bf;4;Контрольный тест (Семестр 2 Лекция 1);80.00000;Группа №47_2(1)
4b855e0e246dc8ad2a00d29acbf762bf;5;M1 Контрольный тест (level 1) (1 и 2 попытка);7.50000;Группа №47_2(1)
2c8a0ae83521e584a32f9f33c149c7ac;1;Тест к лекции 1;100.00000;Группа №47(1)
2c8a0ae83521e584a32f9f33c149c7ac;2;Тест к лекции 2;89.00000;Группа №47(1)
2c8a0ae83521e584a32f9f33c149c7ac;1;Тест к лекции 1;100.00000;Группа №47_2(1)
2c8a0ae83521e584a32f9f33c149c7ac;3;Тест на лекции 3;73.33340;Группа №47(1)
2c8a0ae83521e584a32f9f33c149c7ac;2;Тест к лекции 2;89.00000;Группа №47_2(1)
2c8a0ae83521e584a32f9f33c149c7ac;4;Контрольный тест (Семестр 2 Лекция 1);84.28571;Группа №47(1)
2c8a0ae83521e584a32f9f33c149c7ac;3;Тест на лекции 3;73.33340;Группа №47_2(1)
2c8a0ae83521e584a32f9f33c149c7ac;5;M1 Контрольный тест (level 1) (1 и 2 попытка);9.50000;Группа №47(1)
2c8a0ae83521e584a32f9f33c149c7ac;4;Контрольный тест (Семестр 2 Лекция 1);84.28571;Группа №47_2(1)
2c8a0ae83521e584a32f9f33c149c7ac;5;M1 Контрольный тест (level 1) (1 и 2 попытка);9.50000;Группа №47_2(1)
d851ce190c2eeff18714def7e2f7c80e;5;M1 Контрольный тест (level 1) (1 и 2 попытка);8.60000;Группа №47_2(1)
d851ce190c2eeff18714def7e2f7c80e;1;Тест к лекции 1;70.00000;Группа №47(1)
d851ce190c2eeff18714def7e2f7c80e;2;Тест к лекции 2;90.00000;Группа №47(1)
d851ce190c2eeff18714def7e2f7c80e;3;Тест на лекции 3;100.00000;Группа №47(1)
d851ce190c2eeff18714def7e2f7c80e;4;Контрольный тест (Семестр 2 Лекция 1);97.14286;Группа №47(1)
d851ce190c2eeff18714def7e2f7c80e;1;Тест к лекции 1;70.00000;Группа №47_2(1)
d851ce190c2eeff18714def7e2f7c80e;5;M1 Контрольный тест (level 1) (1 и 2 попытка);8.60000;Группа №47(1)
d851ce190c2eeff18714def7e2f7c80e;2;Тест к лекции 2;90.00000;Группа №47_2(1)
d851ce190c2eeff18714def7e2f7c80e;3;Тест на лекции 3;100.00000;Группа №47_2(1)
d851ce190c2eeff18714def7e2f7c80e;4;Контрольный тест (Семестр 2 Лекция 1);97.14286;Группа №47_2(1)
7aa9b18cbc394f748659525f7e194573;2;Тест к лекции 2;95.00000;Группа №47_2(1)
7aa9b18cbc394f748659525f7e194573;1;Тест к лекции 1;79.16675;Группа №47(1)
7aa9b18cbc394f748659525f7e194573;3;Тест на лекции 3;100.00000;Группа №47_2(1)
7aa9b18cbc394f748659525f7e194573;2;Тест к лекции 2;95.00000;Группа №47(1)
7aa9b18cbc394f748659525f7e194573;4;Контрольный тест (Семестр 2 Лекция 1);70.00000;Группа №47_2(1)
7aa9b18cbc394f748659525f7e194573;3;Тест на лекции 3;100.00000;Группа №47(1)
7aa9b18cbc394f748659525f7e194573;5;M1 Контрольный тест (level 1) (1 и 2 попытка);8.00000;Группа №47_2(1)
7aa9b18cbc394f748659525f7e194573;4;Контрольный тест (Семестр 2 Лекция 1);70.00000;Группа №47(1)
7aa9b18cbc394f748659525f7e194573;6;M1 Тренировочное тестирование (level 1);9.77778;Группа №47_2(1)
7aa9b18cbc394f748659525f7e194573;5;M1 Контрольный тест (level 1) (1 и 2 попытка);8.00000;Группа №47(1)
7aa9b18cbc394f748659525f7e194573;6;M1 Тренировочное тестирование (level 1);9.77778;Группа №47(1)
7aa9b18cbc394f748659525f7e194573;1;Тест к лекции 1;79.16675;Группа №47_2(1)
965b324d581df90ecae6689fe6bda374;1;Тест к лекции 1;100.00000;Группа №47(1)
965b324d581df90ecae6689fe6bda374;2;Тест к лекции 2;100.00000;Группа №47(1)
965b324d581df90ecae6689fe6bda374;3;Тест на лекции 3;100.00000;Группа №47(1)
965b324d581df90ecae6689fe6bda374;4;Контрольный тест (Семестр 2 Лекция 1);100.00000;Группа №47(1)
965b324d581df90ecae6689fe6bda374;1;Тест к лекции 1;100.00000;Группа №47_2(1)
965b324d581df90ecae6689fe6bda374;5;M1 Контрольный тест (level 1) (1 и 2 попытка);8.80000;Группа №47(1)
965b324d581df90ecae6689fe6bda374;2;Тест к лекции 2;100.00000;Группа №47_2(1)
965b324d581df90ecae6689fe6bda374;3;Тест на лекции 3;100.00000;Группа №47_2(1)
965b324d581df90ecae6689fe6bda374;4;Контрольный тест (Семестр 2 Лекция 1);100.00000;Группа №47_2(1)
965b324d581df90ecae6689fe6bda374;5;M1 Контрольный тест (level 1) (1 и 2 попытка);8.80000;Группа №47_2(1)
9c46465414a61217f38c92e046b8489e;2;Тест к лекции 2;91.00000;Группа №42(1)
9c46465414a61217f38c92e046b8489e;4;Контрольный тест (Семестр 2 Лекция 1);84.28571;Группа №42(1)
9c46465414a61217f38c92e046b8489e;1;Тест к лекции 1;100.00000;Группа №42(1)
7fd798a351ba4bc4620ff102658b2c00;4;Контрольный тест (Семестр 2 Лекция 1);84.28571;Группа №46_2(1)
7fd798a351ba4bc4620ff102658b2c00;5;M1 Контрольный тест (level 1) (1 и 2 попытка);8.90000;Группа №46_2(1)
7fd798a351ba4bc4620ff102658b2c00;4;Контрольный тест (Семестр 2 Лекция 1);84.28571;Группа №46(1)
7fd798a351ba4bc4620ff102658b2c00;5;M1 Контрольный тест (level 1) (1 и 2 попытка);8.90000;Группа №46(1)
91e3b6702237f3b7b4745a142677cb44;4;Контрольный тест (Семестр 2 Лекция 1);85.71429;Группа №41(1)
91e3b6702237f3b7b4745a142677cb44;5;M1 Контрольный тест (level 1) (1 и 2 попытка);7.70000;Группа №41(1)
91e3b6702237f3b7b4745a142677cb44;4;Контрольный тест (Семестр 2 Лекция 1);85.71429;Группа №41_№1
91e3b6702237f3b7b4745a142677cb44;5;M1 Контрольный тест (level 1) (1 и 2 попытка);7.70000;Группа №41_№1